GAME_DATE_EST,Away_TEAM_NICKNAME,TEAM_NICKNAME,Away_PTS_QTR1,Away_PTS_QTR2,Away_PTS_QTR3,Away_PTS_QTR4,PTS_QTR1,PTS_QTR2,PTS_QTR3,PTS_QTR4,Away_Team_Score,Home_Team_Score,Away_PTS_OT1,Away_PTS_OT2,Away_PTS_OT3,Away_PTS_OT4,Away_PTS_OT5,Away_PTS_OT6,Away_PTS_OT7,Away_PTS_OT8,Away_PTS_OT9,Away_PTS_OT10,PTS_OT1,PTS_OT2,PTS_OT3,PTS_OT4,PTS_OT5,PTS_OT6,PTS_OT7,PTS_OT8,PTS_OT9,PTS_OT10
2023-12-17T00:00:00,Spurs,Pelicans,20,31,27,32,33,28,44,41,110.0,146.0,0,0,0,0,0,0,0,0,0,0,0,0,0,0,0,0,0,0,0,0
2023-12-17T00:00:00,Rockets,Bucks,28,32,31,28,33,38,29,28,119.0,128.0,0,0,0,0,0,0,0,0,0,0,0,0,0,0,0,0,0,0,0,0
2023-12-17T00:00:00,Wizards,Suns,29,29,31,19,21,25,35,31,108.0,112.0,0,0,0,0,0,0,0,0,0,0,0,0,0,0,0,0,0,0,0,0
2023-12-17T00:00:00,Trail Blazers,Warriors,23,26,35,30,27,38,24,29,114.0,118.0,0,0,0,0,0,0,0,0,0,0,0,0,0,0,0,0,0,0,0,0
2023-12-17T00:00:00,Celtics,Magic,27,34,22,31,31,19,24,23,114.0,97.0,0,0,0,0,0,0,0,0,0,0,0,0,0,0,0,0,0,0,0,0
2023-12-16T00:00:00,Pistons,Bucks,20,36,27,31,43,38,33,32,114.0,146.0,0,0,0,0,0,0,0,0,0,0,0,0,0,0,0,0,0,0,0,0
2023-12-16T00:00:00,Hornets,76ers,17,27,15,23,33,40,27,35,82.0,135.0,0,0,0,0,0,0,0,0,0,0,0,0,0,0,0,0,0,0,0,0
2023-12-16T00:00:00,Hawks,Cavaliers,28,24,29,38,41,29,22,35,119.0,127.0,0,0,0,0,0,0,0,0,0,0,0,0,0,0,0,0,0,0,0,0
2023-12-16T00:00:00,Pacers,Timberwolves,20,35,23,31,23,34,38,32,109.0,127.0,0,0,0,0,0,0,0,0,0,0,0,0,0,0,0,0,0,0,0,0
2023-12-16T00:00:00,Warriors,Nets,32,38,25,29,25,29,35,31,124.0,120.0,0,0,0,0,0,0,0,0,0,0,0,0,0,0,0,0,0,0,0,0
2023-12-16T00:00:00,Clippers,Knicks,35,42,37,30,33,33,32,24,144.0,122.0,0,0,0,0,0,0,0,0,0,0,0,0,0,0,0,0,0,0,0,0
2023-12-16T00:00:00,Jazz,Kings,23,27,26,28,35,27,44,19,104.0,125.0,0,0,0,0,0,0,0,0,0,0,0,0,0,0,0,0,0,0,0,0
2023-12-16T00:00:00,Thunder,Nuggets,27,27,31,33,31,25,31,30,118.0,117.0,0,0,0,0,0,0,0,0,0,0,0,0,0,0,0,0,0,0,0,0
2023-12-16T00:00:00,Mavericks,Trail Blazers,36,38,36,21,39,24,36,21,131.0,120.0,0,0,0,0,0,0,0,0,0,0,0,0,0,0,0,0,0,0,0,0
2023-12-16T00:00:00,Heat,Bulls,36,22,33,27,24,33,23,36,118.0,116.0,0,0,0,0,0,0,0,0,0,0,0,0,0,0,0,0,0,0,0,0
2023-12-15T00:00:00,Magic,Celtics,24,27,27,33,30,34,37,27,111.0,128.0,0,0,0,0,0,0,0,0,0,0,0,0,0,0,0,0,0,0,0,0
2023-12-15T00:00:00,Raptors,Hawks,24,25,29,26,30,29,28,38,104.0,125.0,0,0,0,0,0,0,0,0,0,0,0,0,0,0,0,0,0,0,0,0
2023-12-15T00:00:00,Grizzlies,Rockets,29,26,19,22,14,31,30,28,96.0,103.0,0,0,0,0,0,0,0,0,0,0,0,0,0,0,0,0,0,0,0,0
2023-12-15T00:00:00,Suns,Knicks,30,38,31,23,31,32,34,42,122.0,139.0,0,0,0,0,0,0,0,0,0,0,0,0,0,0,0,0,0,0,0,0
2023-12-15T00:00:00,Spurs,Lakers,42,27,29,31,22,40,25,28,129.0,115.0,0,0,0,0,0,0,0,0,0,0,0,0,0,0,0,0,0,0,0,0
2023-12-15T00:00:00,Pacers,Wizards,37,18,32,36,30,39,39,29,123.0,137.0,0,0,0,0,0,0,0,0,0,0,0,0,0,0,0,0,0,0,0,0
2023-12-15T00:00:00,Hornets,Pelicans,20,19,37,31,21,29,26,36,107.0,112.0,0,0,0,0,0,0,0,0,0,0,0,0,0,0,0,0,0,0,0,0
2023-12-15T00:00:00,76ers,Pistons,26,35,33,30,22,17,23,30,124.0,92.0,0,0,0,0,0,0,0,0,0,0,0,0,0,0,0,0,0,0,0,0
2023-12-14T00:00:00,Mavericks,Timberwolves,30,30,22,19,26,33,28,32,101.0,119.0,0,0,0,0,0,0,0,0,0,0,0,0,0,0,0,0,0,0,0,0
2023-12-14T00:00:00,Kings,Thunder,29,30,41,28,30,23,39,31,128.0,123.0,0,0,0,0,0,0,0,0,0,0,0,0,0,0,0,0,0,0,0,0
2023-12-14T00:00:00,Bulls,Heat,36,24,33,31,22,34,32,28,124.0,116.0,0,0,0,0,0,0,0,0,0,0,0,0,0,0,0,0,0,0,0,0
2023-12-14T00:00:00,Nuggets,Nets,29,23,38,34,22,17,28,34,124.0,101.0,0,0,0,0,0,0,0,0,0,0,0,0,0,0,0,0,0,0,0,0
2023-12-14T00:00:00,Celtics,Cavaliers,33,32,25,26,24,30,33,20,116.0,107.0,0,0,0,0,0,0,0,0,0,0,0,0,0,0,0,0,0,0,0,0
2023-12-14T00:00:00,Jazz,Trail Blazers,38,31,34,19,30,24,22,38,122.0,114.0,0,0,0,0,0,0,0,0,0,0,0,0,0,0,0,0,0,0,0,0
2023-12-14T00:00:00,Warriors,Clippers,28,28,37,20,29,40,30,22,113.0,121.0,0,0,0,0,0,0,0,0,0,0,0,0,0,0,0,0,0,0,0,0
2023-12-13T00:00:00,Hawks,Raptors,39,27,29,33,31,33,39,32,128.0,135.0,0,0,0,0,0,0,0,0,0,0,0,0,0,0,0,0,0,0,0,0
2023-12-13T00:00:00,Pistons,76ers,26,30,24,31,39,31,34,25,111.0,129.0,0,0,0,0,0,0,0,0,0,0,0,0,0,0,0,0,0,0,0,0
2023-12-13T00:00:00,Nets,Suns,31,33,22,30,22,34,32,24,116.0,112.0,0,0,0,0,0,0,0,0,0,0,0,0,0,0,0,0,0,0,0,0
2023-12-13T00:00:00,Spurs,Lakers,26,24,24,45,34,29,29,30,119.0,122.0,0,0,0,0,0,0,0,0,0,0,0,0,0,0,0,0,0,0,0,0
2023-12-13T00:00:00,Knicks,Jazz,31,19,34,29,22,30,37,28,113.0,117.0,0,0,0,0,0,0,0,0,0,0,0,0,0,0,0,0,0,0,0,0
2023-12-13T00:00:00,Wizards,Pelicans,30,34,29,29,28,47,35,32,122.0,142.0,0,0,0,0,0,0,0,0,0,0,0,0,0,0,0,0,0,0,0,0
2023-12-13T00:00:00,Pacers,Bucks,33,30,31,32,36,34,31,39,126.0,140.0,0,0,0,0,0,0,0,0,0,0,0,0,0,0,0,0,0,0,0,0
2023-12-13T00:00:00,Hornets,Heat,23,22,25,34,22,34,35,24,104.0,115.0,0,0,0,0,0,0,0,0,0,0,0,0,0,0,0,0,0,0,0,0
2023-12-13T00:00:00,Grizzlies,Rockets,23,20,38,23,29,28,25,35,104.0,117.0,0,0,0,0,0,0,0,0,0,0,0,0,0,0,0,0,0,0,0,0
2023-12-12T00:00:00,Cavaliers,Celtics,31,29,32,21,21,38,35,26,113.0,120.0,0,0,0,0,0,0,0,0,0,0,0,0,0,0,0,0,0,0,0,0
2023-12-12T00:00:00,Warriors,Suns,25,31,31,29,25,28,35,31,116.0,119.0,0,0,0,0,0,0,0,0,0,0,0,0,0,0,0,0,0,0,0,0
2023-12-12T00:00:00,Lakers,Mavericks,26,35,34,30,34,37,22,34,125.0,127.0,0,0,0,0,0,0,0,0,0,0,0,0,0,0,0,0,0,0,0,0
2023-12-12T00:00:00,Kings,Clippers,24,24,22,29,32,38,29,20,99.0,119.0,0,0,0,0,0,0,0,0,0,0,0,0,0,0,0,0,0,0,0,0
2023-12-12T00:00:00,Nuggets,Bulls,32,25,35,22,25,25,30,26,114.0,106.0,0,0,0,0,0,0,0,0,0,0,0,0,0,0,0,0,0,0,0,0
2023-12-11T00:00:00,Mavericks,Grizzlies,29,38,29,24,24,27,28,34,120.0,113.0,0,0,0,0,0,0,0,0,0,0,0,0,0,0,0,0,0,0,0,0
2023-12-11T00:00:00,Trail Blazers,Clippers,32,33,34,28,43,23,39,27,127.0,132.0,0,0,0,0,0,0,0,0,0,0,0,0,0,0,0,0,0,0,0,0
2023-12-11T00:00:00,Heat,Hornets,29,30,30,27,24,26,27,37,116.0,114.0,0,0,0,0,0,0,0,0,0,0,0,0,0,0,0,0,0,0,0,0
2023-12-11T00:00:00,Cavaliers,Magic,29,25,15,25,22,29,30,23,94.0,104.0,0,0,0,0,0,0,0,0,0,0,0,0,0,0,0,0,0,0,0,0
2023-12-11T00:00:00,Raptors,Knicks,35,25,37,33,35,31,32,38,130.0,136.0,0,0,0,0,0,0,0,0,0,0,0,0,0,0,0,0,0,0,0,0
2023-12-11T00:00:00,Pacers,Pistons,33,33,32,33,36,25,32,30,131.0,123.0,0,0,0,0,0,0,0,0,0,0,0,0,0,0,0,0,0,0,0,0
2023-12-11T00:00:00,Kings,Nets,26,28,44,33,18,30,37,33,131.0,118.0,0,0,0,0,0,0,0,0,0,0,0,0,0,0,0,0,0,0,0,0
2023-12-11T00:00:00,Thunder,Jazz,34,32,45,23,20,32,23,45,134.0,120.0,0,0,0,0,0,0,0,0,0,0,0,0,0,0,0,0,0,0,0,0
2023-12-11T00:00:00,Hawks,Nuggets,36,26,24,36,28,37,38,26,122.0,129.0,0,0,0,0,0,0,0,0,0,0,0,0,0,0,0,0,0,0,0,0
2023-12-11T00:00:00,Pelicans,Timberwolves,29,30,31,31,29,23,34,21,121.0,107.0,0,0,0,0,0,0,0,0,0,0,0,0,0,0,0,0,0,0,0,0
2023-12-11T00:00:00,Rockets,Spurs,19,32,18,24,21,26,15,20,93.0,82.0,0,0,0,0,0,0,0,0,0,0,0,0,0,0,0,0,0,0,0,0
2023-12-11T00:00:00,Bulls,Bucks,32,33,24,29,37,37,17,27,129.0,133.0,11,0,0,0,0,0,0,0,0,0,15,0,0,0,0,0,0,0,0,0
2023-12-11T00:00:00,76ers,Wizards,43,32,37,34,27,19,21,34,146.0,101.0,0,0,0,0,0,0,0,0,0,0,0,0,0,0,0,0,0,0,0,0
2023-12-08T00:00:00,Mavericks,Trail Blazers,37,34,26,28,22,38,30,22,125.0,112.0,0,0,0,0,0,0,0,0,0,0,0,0,0,0,0,0,0,0,0,0
2023-12-08T00:00:00,Nuggets,Rockets,22,26,26,32,27,25,40,22,106.0,114.0,0,0,0,0,0,0,0,0,0,0,0,0,0,0,0,0,0,0,0,0
2023-12-08T00:00:00,Warriors,Thunder,28,34,22,34,19,37,33,29,136.0,138.0,18,0,0,0,0,0,0,0,0,0,20,0,0,0,0,0,0,0,0,0
2023-12-08T00:00:00,Knicks,Celtics,32,33,30,28,33,41,35,24,123.0,133.0,0,0,0,0,0,0,0,0,0,0,0,0,0,0,0,0,0,0,0,0
2023-12-08T00:00:00,Pistons,Magic,23,21,24,23,28,30,35,30,91.0,123.0,0,0,0,0,0,0,0,0,0,0,0,0,0,0,0,0,0,0,0,0
2023-12-08T00:00:00,Wizards,Nets,18,29,24,26,26,24,40,34,97.0,124.0,0,0,0,0,0,0,0,0,0,0,0,0,0,0,0,0,0,0,0,0
2023-12-08T00:00:00,76ers,Hawks,35,27,31,32,23,45,24,22,125.0,114.0,0,0,0,0,0,0,0,0,0,0,0,0,0,0,0,0,0,0,0,0
2023-12-08T00:00:00,Spurs,Bulls,33,30,20,29,24,28,35,34,112.0,121.0,0,0,0,0,0,0,0,0,0,0,0,0,0,0,0,0,0,0,0,0
2023-12-08T00:00:00,Jazz,Clippers,26,20,29,28,32,27,29,29,103.0,117.0,0,0,0,0,0,0,0,0,0,0,0,0,0,0,0,0,0,0,0,0
2023-12-08T00:00:00,Timberwolves,Grizzlies,33,27,38,29,31,24,24,24,127.0,103.0,0,0,0,0,0,0,0,0,0,0,0,0,0,0,0,0,0,0,0,0
2023-12-08T00:00:00,Heat,Cavaliers,25,27,23,24,17,36,35,23,99.0,111.0,0,0,0,0,0,0,0,0,0,0,0,0,0,0,0,0,0,0,0,0
2023-12-08T00:00:00,Raptors,Hornets,22,32,23,39,35,31,24,29,116.0,119.0,0,0,0,0,0,0,0,0,0,0,0,0,0,0,0,0,0,0,0,0
2023-12-08T00:00:00,Kings,Suns,24,26,33,31,26,33,12,35,114.0,106.0,0,0,0,0,0,0,0,0,0,0,0,0,0,0,0,0,0,0,0,0
2023-12-07T00:00:00,Pacers,Bucks,27,36,28,37,29,22,43,25,128.0,119.0,0,0,0,0,0,0,0,0,0,0,0,0,0,0,0,0,0,0,0,0
2023-12-07T00:00:00,Lakers,Pelicans,29,38,43,23,30,24,17,18,133.0,89.0,0,0,0,0,0,0,0,0,0,0,0,0,0,0,0,0,0,0,0,0
2023-12-06T00:00:00,76ers,Wizards,25,35,39,32,29,33,33,31,131.0,126.0,0,0,0,0,0,0,0,0,0,0,0,0,0,0,0,0,0,0,0,0
2023-12-06T00:00:00,Hornets,Bulls,24,20,20,36,27,21,35,28,100.0,111.0,0,0,0,0,0,0,0,0,0,0,0,0,0,0,0,0,0,0,0,0
2023-12-06T00:00:00,Trail Blazers,Warriors,26,29,31,20,22,26,34,28,106.0,110.0,0,0,0,0,0,0,0,0,0,0,0,0,0,0,0,0,0,0,0,0
2023-12-06T00:00:00,Magic,Cavaliers,20,32,34,25,37,28,34,22,111.0,121.0,0,0,0,0,0,0,0,0,0,0,0,0,0,0,0,0,0,0,0,0
2023-12-06T00:00:00,Clippers,Nuggets,21,40,18,32,36,21,25,20,111.0,102.0,0,0,0,0,0,0,0,0,0,0,0,0,0,0,0,0,0,0,0,0
2023-12-06T00:00:00,Timberwolves,Spurs,25,21,25,31,22,31,18,23,102.0,94.0,0,0,0,0,0,0,0,0,0,0,0,0,0,0,0,0,0,0,0,0
2023-12-06T00:00:00,Grizzlies,Pistons,31,21,30,34,29,27,28,18,116.0,102.0,0,0,0,0,0,0,0,0,0,0,0,0,0,0,0,0,0,0,0,0
2023-12-06T00:00:00,Nets,Hawks,31,22,28,33,33,23,26,31,114.0,113.0,0,0,0,0,0,0,0,0,0,0,0,0,0,0,0,0,0,0,0,0
2023-12-06T00:00:00,Heat,Raptors,37,27,23,25,32,34,18,19,112.0,103.0,0,0,0,0,0,0,0,0,0,0,0,0,0,0,0,0,0,0,0,0
2023-12-06T00:00:00,Thunder,Rockets,22,28,24,27,32,23,25,30,101.0,110.0,0,0,0,0,0,0,0,0,0,0,0,0,0,0,0,0,0,0,0,0
2023-12-06T00:00:00,Mavericks,Jazz,40,34,35,38,29,22,23,23,147.0,97.0,0,0,0,0,0,0,0,0,0,0,0,0,0,0,0,0,0,0,0,0
2023-12-05T00:00:00,Lakers,Suns,33,26,24,23,23,24,35,21,106.0,103.0,0,0,0,0,0,0,0,0,0,0,0,0,0,0,0,0,0,0,0,0
2023-12-05T00:00:00,Knicks,Bucks,35,37,24,26,37,38,37,34,122.0,146.0,0,0,0,0,0,0,0,0,0,0,0,0,0,0,0,0,0,0,0,0
2023-12-04T00:00:00,Kings,Pelicans,36,25,30,26,35,34,31,27,117.0,127.0,0,0,0,0,0,0,0,0,0,0,0,0,0,0,0,0,0,0,0,0
2023-12-04T00:00:00,Celtics,Pacers,24,31,23,34,22,26,37,37,112.0,122.0,0,0,0,0,0,0,0,0,0,0,0,0,0,0,0,0,0,0,0,0
2023-12-02T00:00:00,Bulls,Pelicans,32,21,36,35,29,32,21,36,124.0,118.0,0,0,0,0,0,0,0,0,0,0,0,0,0,0,0,0,0,0,0,0
2023-12-02T00:00:00,Bucks,Hawks,42,25,32,33,37,26,35,23,132.0,121.0,0,0,0,0,0,0,0,0,0,0,0,0,0,0,0,0,0,0,0,0
2023-12-02T00:00:00,Grizzlies,Suns,27,24,21,37,27,23,34,32,109.0,116.0,0,0,0,0,0,0,0,0,0,0,0,0,0,0,0,0,0,0,0,0
2023-12-02T00:00:00,Magic,Nets,22,29,34,16,43,30,25,31,101.0,129.0,0,0,0,0,0,0,0,0,0,0,0,0,0,0,0,0,0,0,0,0
2023-12-02T00:00:00,Pistons,Cavaliers,30,18,34,19,25,29,31,25,101.0,110.0,0,0,0,0,0,0,0,0,0,0,0,0,0,0,0,0,0,0,0,0
2023-12-02T00:00:00,Clippers,Warriors,22,26,37,28,33,34,25,20,113.0,112.0,0,0,0,0,0,0,0,0,0,0,0,0,0,0,0,0,0,0,0,0
2023-12-02T00:00:00,Thunder,Mavericks,33,39,35,19,27,29,28,36,126.0,120.0,0,0,0,0,0,0,0,0,0,0,0,0,0,0,0,0,0,0,0,0
2023-12-02T00:00:00,Nuggets,Kings,30,20,28,39,25,39,24,35,117.0,123.0,0,0,0,0,0,0,0,0,0,0,0,0,0,0,0,0,0,0,0,0
2023-12-02T00:00:00,Lakers,Rockets,25,35,26,21,30,14,28,25,107.0,97.0,0,0,0,0,0,0,0,0,0,0,0,0,0,0,0,0,0,0,0,0
2023-12-02T00:00:00,Timberwolves,Hornets,30,32,26,35,23,36,28,30,123.0,117.0,0,0,0,0,0,0,0,0,0,0,0,0,0,0,0,0,0,0,0,0
2023-12-02T00:00:00,Heat,Pacers,31,34,33,31,25,40,41,38,129.0,144.0,0,0,0,0,0,0,0,0,0,0,0,0,0,0,0,0,0,0,0,0
2023-12-02T00:00:00,Trail Blazers,Jazz,24,20,30,32,21,35,28,22,113.0,118.0,7,0,0,0,0,0,0,0,0,0,12,0,0,0,0,0,0,0,0,0
2023-12-01T00:00:00,Nuggets,Suns,41,29,24,25,30,33,28,20,119.0,111.0,0,0,0,0,0,0,0,0,0,0,0,0,0,0,0,0,0,0,0,0
2023-12-01T00:00:00,Pelicans,Spurs,32,31,26,32,31,30,20,25,121.0,106.0,0,0,0,0,0,0,0,0,0,0,0,0,0,0,0,0,0,0,0,0
2023-12-01T00:00:00,Wizards,Magic,36,25,28,36,31,27,34,38,125.0,130.0,0,0,0,0,0,0,0,0,0,0,0,0,0,0,0,0,0,0,0,0
2023-12-01T00:00:00,Grizzlies,Mavericks,28,31,20,29,20,24,28,22,108.0,94.0,0,0,0,0,0,0,0,0,0,0,0,0,0,0,0,0,0,0,0,0
2023-12-01T00:00:00,Raptors,Knicks,26,31,20,29,34,23,33,29,106.0,119.0,0,0,0,0,0,0,0,0,0,0,0,0,0,0,0,0,0,0,0,0
2023-12-01T00:00:00,76ers,Celtics,36,36,25,22,44,25,26,30,119.0,125.0,0,0,0,0,0,0,0,0,0,0,0,0,0,0,0,0,0,0,0,0
2023-11-30T00:00:00,Nets,Hornets,37,34,35,22,31,42,29,27,128.0,129.0,0,0,0,0,0,0,0,0,0,0,0,0,0,0,0,0,0,0,0,0
2023-11-30T00:00:00,Jazz,Timberwolves,23,24,19,24,20,29,35,17,90.0,101.0,0,0,0,0,0,0,0,0,0,0,0,0,0,0,0,0,0,0,0,0
2023-11-30T00:00:00,Knicks,Pistons,31,23,31,33,17,37,33,25,118.0,112.0,0,0,0,0,0,0,0,0,0,0,0,0,0,0,0,0,0,0,0,0
2023-11-30T00:00:00,Spurs,Hawks,35,31,39,30,26,36,39,36,135.0,137.0,0,0,0,0,0,0,0,0,0,0,0,0,0,0,0,0,0,0,0,0
2023-11-30T00:00:00,Thunder,Lakers,30,42,36,25,37,23,28,22,133.0,110.0,0,0,0,0,0,0,0,0,0,0,0,0,0,0,0,0,0,0,0,0
2023-11-30T00:00:00,Bucks,Bulls,24,31,25,26,26,23,31,26,113.0,120.0,7,0,0,0,0,0,0,0,0,0,14,0,0,0,0,0,0,0,0,0
2023-11-30T00:00:00,Clippers,Warriors,24,26,27,37,31,30,25,34,114.0,120.0,0,0,0,0,0,0,0,0,0,0,0,0,0,0,0,0,0,0,0,0
2023-11-30T00:00:00,Heat,Pacers,33,31,33,45,38,35,27,32,142.0,132.0,0,0,0,0,0,0,0,0,0,0,0,0,0,0,0,0,0,0,0,0
2023-11-30T00:00:00,Cavaliers,Trail Blazers,25,21,29,20,22,18,34,29,95.0,103.0,0,0,0,0,0,0,0,0,0,0,0,0,0,0,0,0,0,0,0,0
2023-11-29T00:00:00,Pistons,Lakers,24,24,28,31,38,27,36,32,107.0,133.0,0,0,0,0,0,0,0,0,0,0,0,0,0,0,0,0,0,0,0,0
2023-11-29T00:00:00,Raptors,Suns,27,33,26,26,20,33,27,25,112.0,105.0,0,0,0,0,0,0,0,0,0,0,0,0,0,0,0,0,0,0,0,0
2023-11-29T00:00:00,Clippers,Kings,35,37,30,29,27,23,31,36,131.0,117.0,0,0,0,0,0,0,0,0,0,0,0,0,0,0,0,0,0,0,0,0
2023-11-29T00:00:00,Nuggets,Rockets,41,35,32,26,26,33,38,27,134.0,124.0,0,0,0,0,0,0,0,0,0,0,0,0,0,0,0,0,0,0,0,0
2023-11-29T00:00:00,Jazz,Grizzlies,25,17,25,24,24,36,28,17,91.0,105.0,0,0,0,0,0,0,0,0,0,0,0,0,0,0,0,0,0,0,0,0
2023-11-29T00:00:00,Pelicans,76ers,39,29,34,22,24,24,33,33,124.0,114.0,0,0,0,0,0,0,0,0,0,0,0,0,0,0,0,0,0,0,0,0
2023-11-29T00:00:00,Wizards,Magic,26,30,33,31,31,35,36,37,120.0,139.0,0,0,0,0,0,0,0,0,0,0,0,0,0,0,0,0,0,0,0,0
2023-11-28T00:00:00,Raptors,Nets,21,23,31,28,22,30,24,39,103.0,115.0,0,0,0,0,0,0,0,0,0,0,0,0,0,0,0,0,0,0,0,0
2023-11-28T00:00:00,Warriors,Kings,37,35,32,19,29,26,40,29,123.0,124.0,0,0,0,0,0,0,0,0,0,0,0,0,0,0,0,0,0,0,0,0
2023-11-28T00:00:00,Bulls,Celtics,20,30,18,29,31,38,28,27,97.0,124.0,0,0,0,0,0,0,0,0,0,0,0,0,0,0,0,0,0,0,0,0
2023-11-28T00:00:00,Thunder,Timberwolves,29,32,17,25,19,34,23,30,103.0,106.0,0,0,0,0,0,0,0,0,0,0,0,0,0,0,0,0,0,0,0,0
2023-11-28T00:00:00,Hornets,Knicks,16,28,22,25,29,24,27,35,91.0,115.0,0,0,0,0,0,0,0,0,0,0,0,0,0,0,0,0,0,0,0,0
2023-11-28T00:00:00,Rockets,Mavericks,22,28,38,27,29,25,30,37,115.0,121.0,0,0,0,0,0,0,0,0,0,0,0,0,0,0,0,0,0,0,0,0
2023-11-28T00:00:00,Cavaliers,Hawks,29,35,38,26,33,28,29,15,128.0,105.0,0,0,0,0,0,0,0,0,0,0,0,0,0,0,0,0,0,0,0,0
2023-11-28T00:00:00,Bucks,Heat,31,28,34,38,22,40,35,27,131.0,124.0,0,0,0,0,0,0,0,0,0,0,0,0,0,0,0,0,0,0,0,0
2023-11-27T00:00:00,Trail Blazers,Pacers,30,35,18,31,34,26,23,27,114.0,110.0,0,0,0,0,0,0,0,0,0,0,0,0,0,0,0,0,0,0,0,0
2023-11-27T00:00:00,Wizards,Pistons,31,26,37,32,27,27,29,24,126.0,107.0,0,0,0,0,0,0,0,0,0,0,0,0,0,0,0,0,0,0,0,0
2023-11-27T00:00:00,Nuggets,Clippers,25,33,19,36,28,28,32,16,113.0,104.0,0,0,0,0,0,0,0,0,0,0,0,0,0,0,0,0,0,0,0,0
2023-11-27T00:00:00,Lakers,76ers,19,34,27,14,32,36,30,40,94.0,138.0,0,0,0,0,0,0,0,0,0,0,0,0,0,0,0,0,0,0,0,0
2023-11-27T00:00:00,Jazz,Pelicans,32,25,31,26,24,31,33,24,114.0,112.0,0,0,0,0,0,0,0,0,0,0,0,0,0,0,0,0,0,0,0,0
2023-11-26T00:00:00,Bulls,Nets,36,19,28,26,19,44,33,22,109.0,118.0,0,0,0,0,0,0,0,0,0,0,0,0,0,0,0,0,0,0,0,0
2023-11-26T00:00:00,Celtics,Hawks,33,36,21,23,26,27,29,21,113.0,103.0,0,0,0,0,0,0,0,0,0,0,0,0,0,0,0,0,0,0,0,0
2023-11-26T00:00:00,Spurs,Nuggets,35,25,24,36,39,33,35,25,120.0,132.0,0,0,0,0,0,0,0,0,0,0,0,0,0,0,0,0,0,0,0,0
2023-11-26T00:00:00,Knicks,Suns,22,34,36,21,34,30,31,21,113.0,116.0,0,0,0,0,0,0,0,0,0,0,0,0,0,0,0,0,0,0,0,0
2023-11-26T00:00:00,Grizzlies,Timberwolves,26,17,23,31,31,29,30,29,97.0,119.0,0,0,0,0,0,0,0,0,0,0,0,0,0,0,0,0,0,0,0,0
2023-11-26T00:00:00,Magic,Hornets,25,36,31,38,33,24,29,31,130.0,117.0,0,0,0,0,0,0,0,0,0,0,0,0,0,0,0,0,0,0,0,0
2023-11-26T00:00:00,Raptors,Cavaliers,28,24,20,30,25,17,32,31,102.0,105.0,0,0,0,0,0,0,0,0,0,0,0,0,0,0,0,0,0,0,0,0
2023-11-26T00:00:00,Bucks,Trail Blazers,26,26,23,33,31,37,20,14,108.0,102.0,0,0,0,0,0,0,0,0,0,0,0,0,0,0,0,0,0,0,0,0
2023-11-25T00:00:00,Thunder,76ers,31,30,21,41,29,36,28,34,123.0,127.0,0,0,0,0,0,0,0,0,0,0,0,0,0,0,0,0,0,0,0,0
2023-11-25T00:00:00,Mavericks,Clippers,18,27,17,26,29,27,23,28,88.0,107.0,0,0,0,0,0,0,0,0,0,0,0,0,0,0,0,0,0,0,0,0
2023-11-25T00:00:00,Jazz,Pelicans,22,21,25,37,29,24,24,23,105.0,100.0,0,0,0,0,0,0,0,0,0,0,0,0,0,0,0,0,0,0,0,0
2023-11-25T00:00:00,Hawks,Wizards,34,36,37,29,30,28,20,30,136.0,108.0,0,0,0,0,0,0,0,0,0,0,0,0,0,0,0,0,0,0,0,0
2023-11-25T00:00:00,Cavaliers,Lakers,40,31,23,21,35,35,23,28,115.0,121.0,0,0,0,0,0,0,0,0,0,0,0,0,0,0,0,0,0,0,0,0
2023-11-25T00:00:00,Heat,Nets,22,31,23,21,26,37,27,22,97.0,112.0,0,0,0,0,0,0,0,0,0,0,0,0,0,0,0,0,0,0,0,0
2023-11-24T00:00:00,Wizards,Bucks,35,26,28,39,34,26,32,39,128.0,131.0,0,0,0,0,0,0,0,0,0,0,0,0,0,0,0,0,0,0,0,0
2023-11-24T00:00:00,Bulls,Raptors,22,26,29,31,36,26,31,28,108.0,121.0,0,0,0,0,0,0,0,0,0,0,0,0,0,0,0,0,0,0,0,0
2023-11-24T00:00:00,Celtics,Magic,30,26,18,22,19,29,29,36,96.0,113.0,0,0,0,0,0,0,0,0,0,0,0,0,0,0,0,0,0,0,0,0
2023-11-24T00:00:00,Clippers,Pelicans,23,32,28,23,36,20,29,31,106.0,116.0,0,0,0,0,0,0,0,0,0,0,0,0,0,0,0,0,0,0,0,0
2023-11-24T00:00:00,Kings,Timberwolves,38,32,22,32,31,33,15,32,124.0,111.0,0,0,0,0,0,0,0,0,0,0,0,0,0,0,0,0,0,0,0,0
2023-11-24T00:00:00,Pistons,Pacers,26,37,33,17,33,28,36,39,113.0,136.0,0,0,0,0,0,0,0,0,0,0,0,0,0,0,0,0,0,0,0,0
2023-11-24T00:00:00,Grizzlies,Suns,27,22,24,16,29,33,19,29,89.0,110.0,0,0,0,0,0,0,0,0,0,0,0,0,0,0,0,0,0,0,0,0
2023-11-24T00:00:00,Knicks,Heat,25,26,20,29,28,22,37,11,100.0,98.0,0,0,0,0,0,0,0,0,0,0,0,0,0,0,0,0,0,0,0,0
2023-11-24T00:00:00,Rockets,Nuggets,29,31,24,21,19,24,26,17,105.0,86.0,0,0,0,0,0,0,0,0,0,0,0,0,0,0,0,0,0,0,0,0
2023-11-24T00:00:00,Warriors,Spurs,32,27,27,32,35,20,26,31,118.0,112.0,0,0,0,0,0,0,0,0,0,0,0,0,0,0,0,0,0,0,0,0
2023-11-22T00:00:00,Hornets,Wizards,21,28,29,39,24,32,35,23,117.0,114.0,0,0,0,0,0,0,0,0,0,0,0,0,0,0,0,0,0,0,0,0
2023-11-22T00:00:00,Raptors,Pacers,27,41,32,32,35,30,36,30,132.0,131.0,0,0,0,0,0,0,0,0,0,0,0,0,0,0,0,0,0,0,0,0
2023-11-22T00:00:00,Kings,Pelicans,30,20,29,33,32,32,29,24,112.0,117.0,0,0,0,0,0,0,0,0,0,0,0,0,0,0,0,0,0,0,0,0
2023-11-22T00:00:00,Nets,Hawks,33,34,28,36,45,32,23,31,145.0,147.0,14,0,0,0,0,0,0,0,0,0,16,0,0,0,0,0,0,0,0,0
2023-11-22T00:00:00,Warriors,Suns,31,16,28,40,26,37,28,32,115.0,123.0,0,0,0,0,0,0,0,0,0,0,0,0,0,0,0,0,0,0,0,0
2023-11-22T00:00:00,Magic,Nuggets,28,28,26,42,28,34,26,31,124.0,119.0,0,0,0,0,0,0,0,0,0,0,0,0,0,0,0,0,0,0,0,0
2023-11-22T00:00:00,Bucks,Celtics,17,36,26,37,29,38,27,25,116.0,119.0,0,0,0,0,0,0,0,0,0,0,0,0,0,0,0,0,0,0,0,0
2023-11-22T00:00:00,Thunder,Bulls,26,24,34,32,14,25,38,25,116.0,102.0,0,0,0,0,0,0,0,0,0,0,0,0,0,0,0,0,0,0,0,0
2023-11-22T00:00:00,Grizzlies,Rockets,28,18,22,23,21,24,29,37,91.0,111.0,0,0,0,0,0,0,0,0,0,0,0,0,0,0,0,0,0,0,0,0
2023-11-22T00:00:00,Trail Blazers,Jazz,32,33,24,32,21,25,27,32,121.0,105.0,0,0,0,0,0,0,0,0,0,0,0,0,0,0,0,0,0,0,0,0
2023-11-22T00:00:00,76ers,Timberwolves,20,29,30,20,37,20,34,21,99.0,112.0,0,0,0,0,0,0,0,0,0,0,0,0,0,0,0,0,0,0,0,0
2023-11-22T00:00:00,Heat,Cavaliers,37,32,32,28,26,29,24,17,129.0,96.0,0,0,0,0,0,0,0,0,0,0,0,0,0,0,0,0,0,0,0,0
2023-11-22T00:00:00,Lakers,Mavericks,25,21,25,30,29,33,29,13,101.0,104.0,0,0,0,0,0,0,0,0,0,0,0,0,0,0,0,0,0,0,0,0
2023-11-22T00:00:00,Clippers,Spurs,26,28,28,27,14,34,22,32,109.0,102.0,0,0,0,0,0,0,0,0,0,0,0,0,0,0,0,0,0,0,0,0
2023-11-21T00:00:00,Pacers,Hawks,34,39,46,38,40,46,28,38,157.0,152.0,0,0,0,0,0,0,0,0,0,0,0,0,0,0,0,0,0,0,0,0
2023-11-21T00:00:00,Magic,Raptors,30,37,33,26,23,33,26,25,126.0,107.0,0,0,0,0,0,0,0,0,0,0,0,0,0,0,0,0,0,0,0,0
2023-11-21T00:00:00,Trail Blazers,Suns,21,30,31,25,34,22,38,26,107.0,120.0,0,0,0,0,0,0,0,0,0,0,0,0,0,0,0,0,0,0,0,0
2023-11-21T00:00:00,76ers,Cavaliers,24,29,26,31,27,38,23,22,119.0,122.0,9,0,0,0,0,0,0,0,0,0,12,0,0,0,0,0,0,0,0,0
2023-11-21T00:00:00,Jazz,Lakers,17,24,34,24,32,30,40,29,99.0,131.0,0,0,0,0,0,0,0,0,0,0,0,0,0,0,0,0,0,0,0,0
2023-11-20T00:00:00,Pistons,Nuggets,23,32,24,24,27,29,25,26,103.0,107.0,0,0,0,0,0,0,0,0,0,0,0,0,0,0,0,0,0,0,0,0
2023-11-20T00:00:00,Pelicans,Kings,29,37,34,29,31,22,16,24,129.0,93.0,0,0,0,0,0,0,0,0,0,0,0,0,0,0,0,0,0,0,0,0
2023-11-20T00:00:00,Spurs,Clippers,27,28,22,22,33,33,25,33,99.0,124.0,0,0,0,0,0,0,0,0,0,0,0,0,0,0,0,0,0,0,0,0
2023-11-20T00:00:00,Hornets,Celtics,25,29,27,27,31,34,22,21,121.0,118.0,13,0,0,0,0,0,0,0,0,0,10,0,0,0,0,0,0,0,0,0
2023-11-20T00:00:00,Timberwolves,Knicks,31,27,35,24,28,28,19,25,117.0,100.0,0,0,0,0,0,0,0,0,0,0,0,0,0,0,0,0,0,0,0,0
2023-11-20T00:00:00,Heat,Bulls,33,32,28,25,27,26,28,19,118.0,100.0,0,0,0,0,0,0,0,0,0,0,0,0,0,0,0,0,0,0,0,0
2023-11-20T00:00:00,Bucks,Wizards,31,39,34,38,27,38,37,27,142.0,129.0,0,0,0,0,0,0,0,0,0,0,0,0,0,0,0,0,0,0,0,0
2023-11-20T00:00:00,Warriors,Rockets,29,34,29,29,27,26,28,35,121.0,116.0,0,0,0,0,0,0,0,0,0,0,0,0,0,0,0,0,0,0,0,0
2023-11-19T00:00:00,Grizzlies,Celtics,27,26,23,24,26,30,23,23,100.0,102.0,0,0,0,0,0,0,0,0,0,0,0,0,0,0,0,0,0,0,0,0
2023-11-19T00:00:00,Lakers,Rockets,20,29,32,24,28,27,20,29,105.0,104.0,0,0,0,0,0,0,0,0,0,0,0,0,0,0,0,0,0,0,0,0
2023-11-19T00:00:00,Cavaliers,Nuggets,29,37,26,29,27,31,17,34,121.0,109.0,0,0,0,0,0,0,0,0,0,0,0,0,0,0,0,0,0,0,0,0
2023-11-19T00:00:00,Trail Blazers,Thunder,21,22,23,25,33,43,25,33,91.0,134.0,0,0,0,0,0,0,0,0,0,0,0,0,0,0,0,0,0,0,0,0
2023-11-19T00:00:00,Mavericks,Kings,36,29,31,17,35,35,37,22,113.0,129.0,0,0,0,0,0,0,0,0,0,0,0,0,0,0,0,0,0,0,0,0
2023-11-19T00:00:00,Suns,Jazz,30,31,24,30,30,26,28,31,140.0,137.0,12,13,0,0,0,0,0,0,0,0,12,10,0,0,0,0,0,0,0,0
2023-11-19T00:00:00,Pistons,Raptors,20,25,27,41,32,37,35,38,113.0,142.0,0,0,0,0,0,0,0,0,0,0,0,0,0,0,0,0,0,0,0,0
2023-11-19T00:00:00,76ers,Nets,23,38,33,27,22,27,22,28,121.0,99.0,0,0,0,0,0,0,0,0,0,0,0,0,0,0,0,0,0,0,0,0
2023-11-19T00:00:00,Magic,Pacers,42,36,29,21,21,23,34,38,128.0,116.0,0,0,0,0,0,0,0,0,0,0,0,0,0,0,0,0,0,0,0,0
2023-11-18T00:00:00,Timberwolves,Pelicans,27,32,26,36,35,29,31,25,121.0,120.0,0,0,0,0,0,0,0,0,0,0,0,0,0,0,0,0,0,0,0,0
2023-11-18T00:00:00,Bucks,Mavericks,33,27,29,43,34,24,40,27,132.0,125.0,0,0,0,0,0,0,0,0,0,0,0,0,0,0,0,0,0,0,0,0
2023-11-18T00:00:00,Heat,Bulls,26,24,26,21,14,26,28,34,97.0,102.0,0,0,0,0,0,0,0,0,0,0,0,0,0,0,0,0,0,0,0,0
2023-11-18T00:00:00,Warriors,Thunder,31,30,26,30,33,18,34,32,123.0,130.0,6,0,0,0,0,0,0,0,0,0,13,0,0,0,0,0,0,0,0,0
2023-11-18T00:00:00,Knicks,Hornets,30,31,28,33,19,31,30,28,122.0,108.0,0,0,0,0,0,0,0,0,0,0,0,0,0,0,0,0,0,0,0,0
2023-11-18T00:00:00,Grizzlies,Spurs,26,25,36,33,35,33,26,14,120.0,108.0,0,0,0,0,0,0,0,0,0,0,0,0,0,0,0,0,0,0,0,0
2023-11-17T00:00:00,Celtics,Raptors,26,39,19,24,32,17,32,24,108.0,105.0,0,0,0,0,0,0,0,0,0,0,0,0,0,0,0,0,0,0,0,0
2023-11-17T00:00:00,Clippers,Rockets,29,19,31,27,23,27,27,23,106.0,100.0,0,0,0,0,0,0,0,0,0,0,0,0,0,0,0,0,0,0,0,0
2023-11-17T00:00:00,Hornets,Bucks,37,20,24,18,28,31,33,38,99.0,130.0,0,0,0,0,0,0,0,0,0,0,0,0,0,0,0,0,0,0,0,0
2023-11-17T00:00:00,Nuggets,Pelicans,28,25,33,24,36,33,26,20,110.0,115.0,0,0,0,0,0,0,0,0,0,0,0,0,0,0,0,0,0,0,0,0
2023-11-17T00:00:00,Spurs,Kings,31,31,32,26,29,33,33,34,120.0,129.0,0,0,0,0,0,0,0,0,0,0,0,0,0,0,0,0,0,0,0,0
2023-11-17T00:00:00,Lakers,Trail Blazers,30,30,22,25,23,27,25,20,107.0,95.0,0,0,0,0,0,0,0,0,0,0,0,0,0,0,0,0,0,0,0,0
2023-11-17T00:00:00,Magic,Bulls,23,25,29,26,16,17,32,32,103.0,97.0,0,0,0,0,0,0,0,0,0,0,0,0,0,0,0,0,0,0,0,0
2023-11-17T00:00:00,Knicks,Wizards,35,30,24,31,25,29,30,15,120.0,99.0,0,0,0,0,0,0,0,0,0,0,0,0,0,0,0,0,0,0,0,0
2023-11-17T00:00:00,Hawks,76ers,24,32,31,29,30,27,37,32,116.0,126.0,0,0,0,0,0,0,0,0,0,0,0,0,0,0,0,0,0,0,0,0
2023-11-17T00:00:00,Pistons,Cavaliers,26,19,28,27,35,24,21,28,100.0,108.0,0,0,0,0,0,0,0,0,0,0,0,0,0,0,0,0,0,0,0,0
2023-11-17T00:00:00,Suns,Jazz,41,34,27,29,38,37,24,29,131.0,128.0,0,0,0,0,0,0,0,0,0,0,0,0,0,0,0,0,0,0,0,0
2023-11-16T00:00:00,Heat,Nets,30,30,35,27,27,25,31,32,122.0,115.0,0,0,0,0,0,0,0,0,0,0,0,0,0,0,0,0,0,0,0,0
2023-11-16T00:00:00,Thunder,Warriors,39,28,27,34,24,36,25,24,128.0,109.0,0,0,0,0,0,0,0,0,0,0,0,0,0,0,0,0,0,0,0,0
2023-11-15T00:00:00,Raptors,Bucks,21,26,32,33,36,34,30,28,112.0,128.0,0,0,0,0,0,0,0,0,0,0,0,0,0,0,0,0,0,0,0,0
2023-11-15T00:00:00,76ers,Celtics,22,36,17,32,37,20,26,34,107.0,117.0,0,0,0,0,0,0,0,0,0,0,0,0,0,0,0,0,0,0,0,0
2023-11-15T00:00:00,Magic,Bulls,21,29,23,23,21,12,31,30,96.0,94.0,0,0,0,0,0,0,0,0,0,0,0,0,0,0,0,0,0,0,0,0
2023-11-15T00:00:00,Timberwolves,Suns,29,25,28,33,35,41,34,23,115.0,133.0,0,0,0,0,0,0,0,0,0,0,0,0,0,0,0,0,0,0,0,0
2023-11-15T00:00:00,Knicks,Hawks,33,24,30,29,22,34,25,33,116.0,114.0,0,0,0,0,0,0,0,0,0,0,0,0,0,0,0,0,0,0,0,0
2023-11-15T00:00:00,Wizards,Mavericks,26,25,32,34,41,30,33,26,117.0,130.0,0,0,0,0,0,0,0,0,0,0,0,0,0,0,0,0,0,0,0,0
2023-11-15T00:00:00,Cavaliers,Trail Blazers,30,25,28,26,25,22,28,20,109.0,95.0,0,0,0,0,0,0,0,0,0,0,0,0,0,0,0,0,0,0,0,0
2023-11-15T00:00:00,Lakers,Kings,25,34,21,30,38,34,32,21,110.0,125.0,0,0,0,0,0,0,0,0,0,0,0,0,0,0,0,0,0,0,0,0
2023-11-14T00:00:00,Mavericks,Pelicans,26,28,31,25,33,37,44,17,110.0,131.0,0,0,0,0,0,0,0,0,0,0,0,0,0,0,0,0,0,0,0,0
2023-11-14T00:00:00,Hornets,Heat,32,16,32,25,24,33,30,24,105.0,111.0,0,0,0,0,0,0,0,0,0,0,0,0,0,0,0,0,0,0,0,0
2023-11-14T00:00:00,Clippers,Nuggets,26,26,32,24,28,32,24,27,108.0,111.0,0,0,0,0,0,0,0,0,0,0,0,0,0,0,0,0,0,0,0,0
2023-11-14T00:00:00,Spurs,Thunder,25,23,18,21,28,30,33,32,87.0,123.0,0,0,0,0,0,0,0,0,0,0,0,0,0,0,0,0,0,0,0,0
2023-11-14T00:00:00,Hawks,Pistons,38,26,33,29,29,31,31,29,126.0,120.0,0,0,0,0,0,0,0,0,0,0,0,0,0,0,0,0,0,0,0,0
2023-11-14T00:00:00,Warriors,Timberwolves,30,29,24,18,22,32,22,28,101.0,104.0,0,0,0,0,0,0,0,0,0,0,0,0,0,0,0,0,0,0,0,0
2023-11-14T00:00:00,Nets,Magic,33,24,31,36,24,36,26,18,124.0,104.0,0,0,0,0,0,0,0,0,0,0,0,0,0,0,0,0,0,0,0,0
2023-11-14T00:00:00,Trail Blazers,Jazz,28,30,28,13,36,31,28,20,99.0,115.0,0,0,0,0,0,0,0,0,0,0,0,0,0,0,0,0,0,0,0,0
2023-11-14T00:00:00,Grizzlies,Lakers,26,25,35,21,37,37,33,27,107.0,134.0,0,0,0,0,0,0,0,0,0,0,0,0,0,0,0,0,0,0,0,0
2023-11-14T00:00:00,Pacers,76ers,36,27,32,37,30,24,40,32,132.0,126.0,0,0,0,0,0,0,0,0,0,0,0,0,0,0,0,0,0,0,0,0
2023-11-13T00:00:00,Kings,Cavaliers,33,35,42,22,25,35,29,31,132.0,120.0,0,0,0,0,0,0,0,0,0,0,0,0,0,0,0,0,0,0,0,0
2023-11-13T00:00:00,Raptors,Wizards,25,20,36,30,32,32,27,16,111.0,107.0,0,0,0,0,0,0,0,0,0,0,0,0,0,0,0,0,0,0,0,0
2023-11-13T00:00:00,Bulls,Bucks,18,31,25,35,35,24,24,35,109.0,118.0,0,0,0,0,0,0,0,0,0,0,0,0,0,0,0,0,0,0,0,0
2023-11-13T00:00:00,Knicks,Celtics,24,29,23,22,25,27,32,30,98.0,114.0,0,0,0,0,0,0,0,0,0,0,0,0,0,0,0,0,0,0,0,0
2023-11-12T00:00:00,Heat,Spurs,15,35,32,36,29,24,31,29,118.0,113.0,0,0,0,0,0,0,0,0,0,0,0,0,0,0,0,0,0,0,0,0
2023-11-12T00:00:00,Clippers,Grizzlies,20,25,23,33,33,19,27,26,101.0,105.0,0,0,0,0,0,0,0,0,0,0,0,0,0,0,0,0,0,0,0,0
2023-11-12T00:00:00,Thunder,Suns,29,25,26,31,29,30,27,13,111.0,99.0,0,0,0,0,0,0,0,0,0,0,0,0,0,0,0,0,0,0,0,0
2023-11-12T00:00:00,Mavericks,Pelicans,34,33,42,27,27,27,31,39,136.0,124.0,0,0,0,0,0,0,0,0,0,0,0,0,0,0,0,0,0,0,0,0
2023-11-12T00:00:00,Trail Blazers,Lakers,28,29,23,30,31,25,35,25,110.0,116.0,0,0,0,0,0,0,0,0,0,0,0,0,0,0,0,0,0,0,0,0
2023-11-12T00:00:00,Bulls,Pistons,22,33,29,35,31,19,31,27,119.0,108.0,0,0,0,0,0,0,0,0,0,0,0,0,0,0,0,0,0,0,0,0
2023-11-12T00:00:00,Knicks,Hornets,32,32,35,30,25,29,25,28,129.0,107.0,0,0,0,0,0,0,0,0,0,0,0,0,0,0,0,0,0,0,0,0
2023-11-12T00:00:00,Timberwolves,Warriors,29,25,35,27,31,20,22,37,116.0,110.0,0,0,0,0,0,0,0,0,0,0,0,0,0,0,0,0,0,0,0,0
2023-11-12T00:00:00,Nuggets,Rockets,30,20,26,28,23,23,28,33,104.0,107.0,0,0,0,0,0,0,0,0,0,0,0,0,0,0,0,0,0,0,0,0
2023-11-12T00:00:00,76ers,Pacers,38,31,31,37,27,33,39,27,137.0,126.0,0,0,0,0,0,0,0,0,0,0,0,0,0,0,0,0,0,0,0,0
2023-11-12T00:00:00,Wizards,Nets,15,26,31,22,30,19,29,24,94.0,102.0,0,0,0,0,0,0,0,0,0,0,0,0,0,0,0,0,0,0,0,0
2023-11-11T00:00:00,Hawks,Heat,24,28,30,27,41,22,30,24,109.0,117.0,0,0,0,0,0,0,0,0,0,0,0,0,0,0,0,0,0,0,0,0
2023-11-11T00:00:00,Magic,Bucks,29,36,23,24,25,24,23,25,112.0,97.0,0,0,0,0,0,0,0,0,0,0,0,0,0,0,0,0,0,0,0,0
2023-11-11T00:00:00,Celtics,Raptors,30,25,33,29,26,20,25,23,117.0,94.0,0,0,0,0,0,0,0,0,0,0,0,0,0,0,0,0,0,0,0,0
2023-11-11T00:00:00,Cavaliers,Warriors,30,38,16,34,31,21,31,27,118.0,110.0,0,0,0,0,0,0,0,0,0,0,0,0,0,0,0,0,0,0,0,0
2023-11-10T00:00:00,Pelicans,Rockets,31,17,31,22,26,28,16,34,101.0,104.0,0,0,0,0,0,0,0,0,0,0,0,0,0,0,0,0,0,0,0,0
2023-11-10T00:00:00,Jazz,Grizzlies,34,42,27,24,32,31,32,26,127.0,121.0,0,0,0,0,0,0,0,0,0,0,0,0,0,0,0,0,0,0,0,0
2023-11-10T00:00:00,Clippers,Mavericks,33,18,38,37,30,47,38,29,126.0,144.0,0,0,0,0,0,0,0,0,0,0,0,0,0,0,0,0,0,0,0,0
2023-11-10T00:00:00,Kings,Thunder,34,19,22,30,20,22,28,28,105.0,98.0,0,0,0,0,0,0,0,0,0,0,0,0,0,0,0,0,0,0,0,0
2023-11-10T00:00:00,Hornets,Wizards,22,35,31,36,27,36,34,20,124.0,117.0,0,0,0,0,0,0,0,0,0,0,0,0,0,0,0,0,0,0,0,0
2023-11-10T00:00:00,Celtics,Nets,38,28,27,28,33,21,30,23,121.0,107.0,0,0,0,0,0,0,0,0,0,0,0,0,0,0,0,0,0,0,0,0
2023-11-10T00:00:00,Lakers,Suns,25,30,34,33,34,29,33,23,122.0,119.0,0,0,0,0,0,0,0,0,0,0,0,0,0,0,0,0,0,0,0,0
2023-11-10T00:00:00,Pistons,76ers,33,23,21,29,21,27,35,31,106.0,114.0,0,0,0,0,0,0,0,0,0,0,0,0,0,0,0,0,0,0,0,0
2023-11-10T00:00:00,Spurs,Timberwolves,27,27,19,37,22,34,34,27,110.0,117.0,0,0,0,0,0,0,0,0,0,0,0,0,0,0,0,0,0,0,0,0
2023-11-09T00:00:00,Hawks,Magic,34,39,20,27,34,35,29,21,120.0,119.0,0,0,0,0,0,0,0,0,0,0,0,0,0,0,0,0,0,0,0,0
2023-11-09T00:00:00,Pacers,Bucks,38,28,27,33,24,36,34,30,126.0,124.0,0,0,0,0,0,0,0,0,0,0,0,0,0,0,0,0,0,0,0,0
2023-11-08T00:00:00,Warriors,Nuggets,21,26,31,27,26,27,23,32,105.0,108.0,0,0,0,0,0,0,0,0,0,0,0,0,0,0,0,0,0,0,0,0
2023-11-08T00:00:00,Pistons,Bucks,23,29,43,23,24,38,28,30,118.0,120.0,0,0,0,0,0,0,0,0,0,0,0,0,0,0,0,0,0,0,0,0
2023-11-08T00:00:00,Celtics,76ers,27,27,17,32,22,39,20,25,103.0,106.0,0,0,0,0,0,0,0,0,0,0,0,0,0,0,0,0,0,0,0,0
2023-11-08T00:00:00,Lakers,Rockets,19,26,26,23,32,34,33,29,94.0,128.0,0,0,0,0,0,0,0,0,0,0,0,0,0,0,0,0,0,0,0,0
2023-11-08T00:00:00,Timberwolves,Pelicans,28,44,25,25,24,20,24,33,122.0,101.0,0,0,0,0,0,0,0,0,0,0,0,0,0,0,0,0,0,0,0,0
2023-11-08T00:00:00,Bulls,Suns,28,29,27,23,36,21,31,19,115.0,116.0,8,0,0,0,0,0,0,0,0,0,9,0,0,0,0,0,0,0,0,0
2023-11-08T00:00:00,Nets,Clippers,13,33,27,27,21,28,22,22,100.0,93.0,0,0,0,0,0,0,0,0,0,0,0,0,0,0,0,0,0,0,0,0
2023-11-08T00:00:00,Wizards,Hornets,24,41,38,29,29,17,38,32,132.0,116.0,0,0,0,0,0,0,0,0,0,0,0,0,0,0,0,0,0,0,0,0
2023-11-08T00:00:00,Heat,Grizzlies,33,21,23,31,26,20,30,26,108.0,102.0,0,0,0,0,0,0,0,0,0,0,0,0,0,0,0,0,0,0,0,0
2023-11-08T00:00:00,Raptors,Mavericks,27,35,37,28,33,25,30,28,127.0,116.0,0,0,0,0,0,0,0,0,0,0,0,0,0,0,0,0,0,0,0,0
2023-11-08T00:00:00,Trail Blazers,Kings,29,31,24,27,34,22,29,26,118.0,121.0,7,0,0,0,0,0,0,0,0,0,10,0,0,0,0,0,0,0,0,0
2023-11-08T00:00:00,Pacers,Jazz,29,38,34,33,29,31,38,20,134.0,118.0,0,0,0,0,0,0,0,0,0,0,0,0,0,0,0,0,0,0,0,0
2023-11-08T00:00:00,Spurs,Knicks,16,35,21,33,33,32,34,27,105.0,126.0,0,0,0,0,0,0,0,0,0,0,0,0,0,0,0,0,0,0,0,0
2023-11-08T00:00:00,Thunder,Cavaliers,36,34,29,29,29,28,30,33,128.0,120.0,0,0,0,0,0,0,0,0,0,0,0,0,0,0,0,0,0,0,0,0
2023-11-06T00:00:00,Kings,Rockets,22,20,18,37,32,35,30,25,97.0,122.0,0,0,0,0,0,0,0,0,0,0,0,0,0,0,0,0,0,0,0,0
2023-11-06T00:00:00,Pelicans,Nuggets,27,44,21,24,25,34,40,35,116.0,134.0,0,0,0,0,0,0,0,0,0,0,0,0,0,0,0,0,0,0,0,0
2023-11-06T00:00:00,Pacers,Spurs,44,42,33,33,28,33,26,24,152.0,111.0,0,0,0,0,0,0,0,0,0,0,0,0,0,0,0,0,0,0,0,0
2023-11-06T00:00:00,Wizards,76ers,24,34,40,30,33,42,45,26,128.0,146.0,0,0,0,0,0,0,0,0,0,0,0,0,0,0,0,0,0,0,0,0
2023-11-06T00:00:00,Knicks,Clippers,19,23,34,35,21,25,30,21,111.0,97.0,0,0,0,0,0,0,0,0,0,0,0,0,0,0,0,0,0,0,0,0
2023-11-06T00:00:00,Nets,Bucks,32,35,27,31,29,34,33,33,125.0,129.0,0,0,0,0,0,0,0,0,0,0,0,0,0,0,0,0,0,0,0,0
2023-11-06T00:00:00,Lakers,Heat,33,26,20,28,33,29,28,18,107.0,108.0,0,0,0,0,0,0,0,0,0,0,0,0,0,0,0,0,0,0,0,0
2023-11-06T00:00:00,Timberwolves,Celtics,29,23,27,22,26,29,19,27,114.0,109.0,13,0,0,0,0,0,0,0,0,0,8,0,0,0,0,0,0,0,0,0
2023-11-06T00:00:00,Magic,Mavericks,33,33,17,19,27,26,33,31,102.0,117.0,0,0,0,0,0,0,0,0,0,0,0,0,0,0,0,0,0,0,0,0
2023-11-06T00:00:00,Thunder,Hawks,29,29,38,30,28,22,27,40,126.0,117.0,0,0,0,0,0,0,0,0,0,0,0,0,0,0,0,0,0,0,0,0
2023-11-06T00:00:00,Warriors,Pistons,31,25,27,37,26,22,34,27,120.0,109.0,0,0,0,0,0,0,0,0,0,0,0,0,0,0,0,0,0,0,0,0
2023-11-06T00:00:00,Bulls,Jazz,37,29,32,32,32,20,26,35,130.0,113.0,0,0,0,0,0,0,0,0,0,0,0,0,0,0,0,0,0,0,0,0
2023-11-05T00:00:00,Mavericks,Hornets,26,24,33,41,31,31,22,34,124.0,118.0,0,0,0,0,0,0,0,0,0,0,0,0,0,0,0,0,0,0,0,0
2023-11-05T00:00:00,Cavaliers,Warriors,29,28,29,29,30,15,32,27,115.0,104.0,0,0,0,0,0,0,0,0,0,0,0,0,0,0,0,0,0,0,0,0
2023-11-05T00:00:00,Pistons,Suns,27,22,31,26,28,30,34,28,106.0,120.0,0,0,0,0,0,0,0,0,0,0,0,0,0,0,0,0,0,0,0,0
2023-11-05T00:00:00,Grizzlies,Trail Blazers,30,33,19,30,32,23,31,14,112.0,100.0,0,0,0,0,0,0,0,0,0,0,0,0,0,0,0,0,0,0,0,0
2023-11-05T00:00:00,Raptors,Spurs,22,13,36,39,26,28,32,24,123.0,116.0,13,0,0,0,0,0,0,0,0,0,6,0,0,0,0,0,0,0,0,0
2023-11-04T00:00:00,Lakers,Magic,25,26,29,21,39,28,34,19,101.0,120.0,0,0,0,0,0,0,0,0,0,0,0,0,0,0,0,0,0,0,0,0
2023-11-04T00:00:00,Kings,Rockets,19,34,15,21,33,26,12,36,89.0,107.0,0,0,0,0,0,0,0,0,0,0,0,0,0,0,0,0,0,0,0,0
2023-11-04T00:00:00,Hawks,Pelicans,27,26,41,29,35,25,23,22,123.0,105.0,0,0,0,0,0,0,0,0,0,0,0,0,0,0,0,0,0,0,0,0
2023-11-04T00:00:00,Hornets,Pacers,27,27,38,33,27,19,50,28,125.0,124.0,0,0,0,0,0,0,0,0,0,0,0,0,0,0,0,0,0,0,0,0
2023-11-04T00:00:00,76ers,Suns,25,27,28,32,24,21,30,25,112.0,100.0,0,0,0,0,0,0,0,0,0,0,0,0,0,0,0,0,0,0,0,0
2023-11-04T00:00:00,Nets,Celtics,34,24,30,26,34,36,21,33,114.0,124.0,0,0,0,0,0,0,0,0,0,0,0,0,0,0,0,0,0,0,0,0
2023-11-04T00:00:00,Bulls,Nuggets,22,31,21,27,23,28,35,37,101.0,123.0,0,0,0,0,0,0,0,0,0,0,0,0,0,0,0,0,0,0,0,0
2023-11-04T00:00:00,Jazz,Timberwolves,27,23,27,18,29,26,37,31,95.0,123.0,0,0,0,0,0,0,0,0,0,0,0,0,0,0,0,0,0,0,0,0
2023-11-03T00:00:00,Bucks,Knicks,21,35,26,28,25,21,30,29,110.0,105.0,0,0,0,0,0,0,0,0,0,0,0,0,0,0,0,0,0,0,0,0
2023-11-03T00:00:00,Wizards,Heat,34,20,27,33,34,26,41,20,114.0,121.0,0,0,0,0,0,0,0,0,0,0,0,0,0,0,0,0,0,0,0,0
2023-11-03T00:00:00,Pacers,Cavaliers,36,34,18,33,26,27,34,29,121.0,116.0,0,0,0,0,0,0,0,0,0,0,0,0,0,0,0,0,0,0,0,0
2023-11-03T00:00:00,Warriors,Thunder,38,31,37,35,33,34,39,33,141.0,139.0,0,0,0,0,0,0,0,0,0,0,0,0,0,0,0,0,0,0,0,0
2023-11-03T00:00:00,Nets,Bulls,35,24,19,31,30,28,22,27,109.0,107.0,0,0,0,0,0,0,0,0,0,0,0,0,0,0,0,0,0,0,0,0
2023-11-03T00:00:00,Trail Blazers,Grizzlies,33,21,22,26,26,27,24,25,115.0,113.0,13,0,0,0,0,0,0,0,0,0,11,0,0,0,0,0,0,0,0,0
2023-11-03T00:00:00,Nuggets,Mavericks,40,30,32,23,24,31,32,27,125.0,114.0,0,0,0,0,0,0,0,0,0,0,0,0,0,0,0,0,0,0,0,0
2023-11-02T00:00:00,Spurs,Suns,39,36,28,29,20,35,34,32,132.0,121.0,0,0,0,0,0,0,0,0,0,0,0,0,0,0,0,0,0,0,0,0
2023-11-02T00:00:00,Pistons,Pelicans,29,20,34,33,35,37,22,31,116.0,125.0,0,0,0,0,0,0,0,0,0,0,0,0,0,0,0,0,0,0,0,0
2023-11-02T00:00:00,Raptors,76ers,26,23,28,22,30,28,32,24,99.0,114.0,0,0,0,0,0,0,0,0,0,0,0,0,0,0,0,0,0,0,0,0
2023-11-02T00:00:00,Magic,Jazz,30,36,24,25,34,24,28,27,115.0,113.0,0,0,0,0,0,0,0,0,0,0,0,0,0,0,0,0,0,0,0,0
2023-11-01T00:00:00,Kings,Warriors,31,24,24,22,28,28,18,28,101.0,102.0,0,0,0,0,0,0,0,0,0,0,0,0,0,0,0,0,0,0,0,0
2023-11-01T00:00:00,Nets,Heat,29,17,29,34,32,24,27,22,109.0,105.0,0,0,0,0,0,0,0,0,0,0,0,0,0,0,0,0,0,0,0,0
2023-11-01T00:00:00,Pacers,Celtics,27,27,17,33,44,31,34,46,104.0,155.0,0,0,0,0,0,0,0,0,0,0,0,0,0,0,0,0,0,0,0,0
2023-11-01T00:00:00,Thunder,Pelicans,33,18,26,29,14,29,35,32,106.0,110.0,0,0,0,0,0,0,0,0,0,0,0,0,0,0,0,0,0,0,0,0
2023-11-01T00:00:00,Timberwolves,Nuggets,28,35,26,21,21,23,28,17,110.0,89.0,0,0,0,0,0,0,0,0,0,0,0,0,0,0,0,0,0,0,0,0
2023-11-01T00:00:00,Clippers,Lakers,37,24,24,32,24,24,39,30,125.0,130.0,8,0,0,0,0,0,0,0,0,0,13,0,0,0,0,0,0,0,0,0
2023-11-01T00:00:00,Trail Blazers,Pistons,26,21,36,27,32,27,25,17,110.0,101.0,0,0,0,0,0,0,0,0,0,0,0,0,0,0,0,0,0,0,0,0
2023-11-01T00:00:00,Jazz,Grizzlies,42,37,25,29,19,27,33,30,133.0,109.0,0,0,0,0,0,0,0,0,0,0,0,0,0,0,0,0,0,0,0,0
2023-11-01T00:00:00,Cavaliers,Knicks,24,25,22,24,22,28,13,26,95.0,89.0,0,0,0,0,0,0,0,0,0,0,0,0,0,0,0,0,0,0,0,0
2023-11-01T00:00:00,Hornets,Rockets,27,31,20,41,39,22,25,42,119.0,128.0,0,0,0,0,0,0,0,0,0,0,0,0,0,0,0,0,0,0,0,0
2023-11-01T00:00:00,Raptors,Bucks,31,35,29,35,18,26,35,32,130.0,111.0,0,0,0,0,0,0,0,0,0,0,0,0,0,0,0,0,0,0,0,0
2023-11-01T00:00:00,Wizards,Hawks,30,21,31,39,25,34,40,31,121.0,130.0,0,0,0,0,0,0,0,0,0,0,0,0,0,0,0,0,0,0,0,0
2023-11-01T00:00:00,Bulls,Mavericks,23,27,33,22,26,23,32,33,105.0,114.0,0,0,0,0,0,0,0,0,0,0,0,0,0,0,0,0,0,0,0,0
2023-10-31T00:00:00,Clippers,Magic,13,34,41,30,18,32,21,31,118.0,102.0,0,0,0,0,0,0,0,0,0,0,0,0,0,0,0,0,0,0,0,0
2023-10-31T00:00:00,Knicks,Cavaliers,28,30,28,23,24,28,16,23,109.0,91.0,0,0,0,0,0,0,0,0,0,0,0,0,0,0,0,0,0,0,0,0
2023-10-31T00:00:00,Suns,Spurs,27,36,32,19,18,27,37,33,114.0,115.0,0,0,0,0,0,0,0,0,0,0,0,0,0,0,0,0,0,0,0,0
2023-10-30T00:00:00,Nets,Hornets,42,24,33,34,23,32,28,38,133.0,121.0,0,0,0,0,0,0,0,0,0,0,0,0,0,0,0,0,0,0,0,0
2023-10-30T00:00:00,Raptors,Trail Blazers,25,25,24,17,21,26,33,19,91.0,99.0,0,0,0,0,0,0,0,0,0,0,0,0,0,0,0,0,0,0,0,0
2023-10-30T00:00:00,Heat,Bucks,28,24,21,41,28,34,35,25,114.0,122.0,0,0,0,0,0,0,0,0,0,0,0,0,0,0,0,0,0,0,0,0
2023-10-30T00:00:00,Grizzlies,Mavericks,36,25,25,24,30,37,30,28,110.0,125.0,0,0,0,0,0,0,0,0,0,0,0,0,0,0,0,0,0,0,0,0
2023-10-30T00:00:00,Pelicans,Warriors,27,30,21,24,29,30,39,32,102.0,130.0,0,0,0,0,0,0,0,0,0,0,0,0,0,0,0,0,0,0,0,0
2023-10-30T00:00:00,Timberwolves,Hawks,42,37,19,15,35,25,38,29,113.0,127.0,0,0,0,0,0,0,0,0,0,0,0,0,0,0,0,0,0,0,0,0
2023-10-30T00:00:00,Lakers,Magic,29,25,27,25,24,34,22,23,106.0,103.0,0,0,0,0,0,0,0,0,0,0,0,0,0,0,0,0,0,0,0,0
2023-10-30T00:00:00,Pacers,Bulls,30,25,28,22,27,26,25,34,105.0,112.0,0,0,0,0,0,0,0,0,0,0,0,0,0,0,0,0,0,0,0,0
2023-10-30T00:00:00,Nuggets,Jazz,31,27,22,30,21,24,24,33,110.0,102.0,0,0,0,0,0,0,0,0,0,0,0,0,0,0,0,0,0,0,0,0
2023-10-30T00:00:00,Wizards,Celtics,19,32,24,32,42,35,31,18,107.0,126.0,0,0,0,0,0,0,0,0,0,0,0,0,0,0,0,0,0,0,0,0
2023-10-30T00:00:00,Thunder,Pistons,33,26,32,33,21,26,32,33,124.0,112.0,0,0,0,0,0,0,0,0,0,0,0,0,0,0,0,0,0,0,0,0
2023-10-29T00:00:00,Kings,Lakers,41,25,21,28,28,27,28,32,132.0,127.0,17,0,0,0,0,0,0,0,0,0,12,0,0,0,0,0,0,0,0,0
2023-10-29T00:00:00,Rockets,Warriors,24,23,28,20,26,31,24,25,95.0,106.0,0,0,0,0,0,0,0,0,0,0,0,0,0,0,0,0,0,0,0,0
2023-10-29T00:00:00,Spurs,Clippers,17,20,23,23,23,33,37,30,83.0,123.0,0,0,0,0,0,0,0,0,0,0,0,0,0,0,0,0,0,0,0,0
2023-10-29T00:00:00,Trail Blazers,76ers,28,32,21,17,36,30,33,27,98.0,126.0,0,0,0,0,0,0,0,0,0,0,0,0,0,0,0,0,0,0,0,0
2023-10-29T00:00:00,Thunder,Nuggets,23,28,24,20,34,35,28,31,95.0,128.0,0,0,0,0,0,0,0,0,0,0,0,0,0,0,0,0,0,0,0,0
2023-10-29T00:00:00,Hawks,Bucks,31,37,33,26,25,22,33,30,127.0,110.0,0,0,0,0,0,0,0,0,0,0,0,0,0,0,0,0,0,0,0,0
2023-10-28T00:00:00,Bulls,Pistons,26,18,33,25,29,28,27,34,102.0,118.0,0,0,0,0,0,0,0,0,0,0,0,0,0,0,0,0,0,0,0,0
2023-10-28T00:00:00,Heat,Timberwolves,31,22,20,17,26,29,25,26,90.0,106.0,0,0,0,0,0,0,0,0,0,0,0,0,0,0,0,0,0,0,0,0
2023-10-28T00:00:00,Raptors,76ers,36,23,20,28,27,29,35,23,107.0,114.0,0,0,0,0,0,0,0,0,0,0,0,0,0,0,0,0,0,0,0,0
2023-10-28T00:00:00,Cavaliers,Pacers,37,12,38,26,31,29,31,34,113.0,125.0,0,0,0,0,0,0,0,0,0,0,0,0,0,0,0,0,0,0,0,0
2023-10-28T00:00:00,Wizards,Grizzlies,25,37,30,21,22,24,34,26,113.0,106.0,0,0,0,0,0,0,0,0,0,0,0,0,0,0,0,0,0,0,0,0
2023-10-28T00:00:00,Suns,Jazz,37,29,40,20,27,23,28,26,126.0,104.0,0,0,0,0,0,0,0,0,0,0,0,0,0,0,0,0,0,0,0,0
2023-10-28T00:00:00,Pelicans,Knicks,26,29,22,19,12,25,31,19,96.0,87.0,0,0,0,0,0,0,0,0,0,0,0,0,0,0,0,0,0,0,0,0
2023-10-27T00:00:00,Nuggets,Grizzlies,25,36,28,19,18,38,23,25,108.0,104.0,0,0,0,0,0,0,0,0,0,0,0,0,0,0,0,0,0,0,0,0
2023-10-27T00:00:00,Hawks,Knicks,31,30,31,28,35,34,31,26,120.0,126.0,0,0,0,0,0,0,0,0,0,0,0,0,0,0,0,0,0,0,0,0
2023-10-27T00:00:00,Clippers,Jazz,30,24,29,35,33,30,26,31,118.0,120.0,0,0,0,0,0,0,0,0,0,0,0,0,0,0,0,0,0,0,0,0
2023-10-27T00:00:00,Magic,Trail Blazers,31,32,19,20,26,29,25,17,102.0,97.0,0,0,0,0,0,0,0,0,0,0,0,0,0,0,0,0,0,0,0,0
2023-10-27T00:00:00,Heat,Celtics,28,27,33,23,25,35,27,32,111.0,119.0,0,0,0,0,0,0,0,0,0,0,0,0,0,0,0,0,0,0,0,0
2023-10-27T00:00:00,Rockets,Spurs,23,29,31,28,25,27,24,35,122.0,126.0,11,0,0,0,0,0,0,0,0,0,15,0,0,0,0,0,0,0,0,0
2023-10-27T00:00:00,Bulls,Raptors,24,18,23,28,18,17,33,25,104.0,103.0,11,0,0,0,0,0,0,0,0,0,10,0,0,0,0,0,0,0,0,0
2023-10-27T00:00:00,Mavericks,Nets,26,31,31,37,25,34,30,31,125.0,120.0,0,0,0,0,0,0,0,0,0,0,0,0,0,0,0,0,0,0,0,0
2023-10-27T00:00:00,Kings,Warriors,29,28,27,30,24,36,39,23,114.0,122.0,0,0,0,0,0,0,0,0,0,0,0,0,0,0,0,0,0,0,0,0
2023-10-27T00:00:00,Hornets,Pistons,21,26,28,24,32,22,29,28,99.0,111.0,0,0,0,0,0,0,0,0,0,0,0,0,0,0,0,0,0,0,0,0
2023-10-27T00:00:00,Thunder,Cavaliers,31,21,27,29,26,16,33,30,108.0,105.0,0,0,0,0,0,0,0,0,0,0,0,0,0,0,0,0,0,0,0,0
2023-10-26T00:00:00,Bucks,76ers,30,33,25,30,23,31,31,32,118.0,117.0,0,0,0,0,0,0,0,0,0,0,0,0,0,0,0,0,0,0,0,0
2023-10-26T00:00:00,Suns,Lakers,30,22,32,11,18,30,24,28,95.0,100.0,0,0,0,0,0,0,0,0,0,0,0,0,0,0,0,0,0,0,0,0
2023-10-25T00:00:00,Magic,Rockets,29,25,33,29,20,23,26,17,116.0,86.0,0,0,0,0,0,0,0,0,0,0,0,0,0,0,0,0,0,0,0,0
2023-10-25T00:00:00,Cavaliers,Nets,37,26,27,24,32,31,24,26,114.0,113.0,0,0,0,0,0,0,0,0,0,0,0,0,0,0,0,0,0,0,0,0
2023-10-25T00:00:00,Mavericks,Spurs,36,28,32,30,43,25,23,28,126.0,119.0,0,0,0,0,0,0,0,0,0,0,0,0,0,0,0,0,0,0,0,0
2023-10-25T00:00:00,Hawks,Hornets,29,23,21,37,25,26,27,38,110.0,116.0,0,0,0,0,0,0,0,0,0,0,0,0,0,0,0,0,0,0,0,0
2023-10-25T00:00:00,Pistons,Heat,29,18,28,27,26,32,25,20,102.0,103.0,0,0,0,0,0,0,0,0,0,0,0,0,0,0,0,0,0,0,0,0
2023-10-25T00:00:00,Timberwolves,Raptors,25,26,23,20,25,28,20,24,94.0,97.0,0,0,0,0,0,0,0,0,0,0,0,0,0,0,0,0,0,0,0,0
2023-10-25T00:00:00,Clippers,Trail Blazers,29,38,32,24,20,27,26,38,123.0,111.0,0,0,0,0,0,0,0,0,0,0,0,0,0,0,0,0,0,0,0,0
2023-10-25T00:00:00,Pelicans,Grizzlies,25,32,25,29,28,19,23,34,111.0,104.0,0,0,0,0,0,0,0,0,0,0,0,0,0,0,0,0,0,0,0,0
2023-10-25T00:00:00,Knicks,Celtics,18,28,27,31,30,21,31,26,104.0,108.0,0,0,0,0,0,0,0,0,0,0,0,0,0,0,0,0,0,0,0,0
2023-10-25T00:00:00,Pacers,Wizards,34,39,37,33,39,29,28,24,143.0,120.0,0,0,0,0,0,0,0,0,0,0,0,0,0,0,0,0,0,0,0,0
2023-10-25T00:00:00,Thunder,Bulls,33,28,30,33,35,20,27,22,124.0,104.0,0,0,0,0,0,0,0,0,0,0,0,0,0,0,0,0,0,0,0,0
2023-10-25T00:00:00,Jazz,Kings,24,34,29,27,32,40,33,25,114.0,130.0,0,0,0,0,0,0,0,0,0,0,0,0,0,0,0,0,0,0,0,0
2023-10-24T00:00:00,Warriors,Suns,28,18,40,18,28,33,19,28,104.0,108.0,0,0,0,0,0,0,0,0,0,0,0,0,0,0,0,0,0,0,0,0
2023-10-24T00:00:00,Lakers,Nuggets,20,34,26,27,34,29,24,32,107.0,119.0,0,0,0,0,0,0,0,0,0,0,0,0,0,0,0,0,0,0,0,0
