GAME_DATE_EST,TEAM_NICKNAME,PTS_QTR1,PTS_QTR2,PTS_QTR3,PTS_QTR4,PTS_OT1,PTS_OT2,PTS_OT3,PTS_OT4,PTS_OT5,PTS_OT6,PTS_OT7,PTS_OT8,PTS_OT9,PTS_OT10,Away_TEAM_NICKNAME,Away_Team_Score,Away_PTS_QTR1,Away_PTS_QTR2,Away_PTS_QTR3,Away_PTS_QTR4,Away_PTS_OT1,Away_PTS_OT2,Away_PTS_OT3,Away_PTS_OT4,Away_PTS_OT5,Away_PTS_OT6,Away_PTS_OT7,Away_PTS_OT8,Away_PTS_OT9,Away_PTS_OT10,Home_Team_Score
2023-12-18T00:00:00,Clippers,37,40,37,37,0,0,0,0,0,0,0,0,0,0,Pacers,127.0,38,28,28,33,0,0,0,0,0,0,0,0,0,0,151.0
2023-12-18T00:00:00,Heat,33,33,17,25,0,0,0,0,0,0,0,0,0,0,Timberwolves,112.0,22,32,23,35,0,0,0,0,0,0,0,0,0,0,108.0
2023-12-18T00:00:00,Nets,28,31,23,26,0,0,0,0,0,0,0,0,0,0,Jazz,125.0,28,26,34,37,0,0,0,0,0,0,0,0,0,0,108.0
2023-12-18T00:00:00,Hawks,38,23,35,34,0,0,0,0,0,0,0,0,0,0,Pistons,124.0,25,27,32,40,0,0,0,0,0,0,0,0,0,0,130.0
2023-12-18T00:00:00,Raptors,19,29,31,35,0,0,0,0,0,0,0,0,0,0,Hornets,99.0,27,25,29,18,0,0,0,0,0,0,0,0,0,0,114.0
2023-12-18T00:00:00,76ers,24,20,25,35,0,0,0,0,0,0,0,0,0,0,Bulls,108.0,25,30,26,27,0,0,0,0,0,0,0,0,0,0,104.0
2023-12-18T00:00:00,Kings,27,39,15,0,0,0,0,0,0,0,0,0,0,0,Wizards,61.0,31,25,5,0,0,0,0,0,0,0,0,0,0,0,81.0
2023-12-18T00:00:00,Mavericks,20,39,21,24,0,0,0,0,0,0,0,0,0,0,Nuggets,130.0,28,40,30,32,0,0,0,0,0,0,0,0,0,0,104.0
2023-12-18T00:00:00,Rockets,34,25,39,24,8,0,0,0,0,0,0,0,0,0,Cavaliers,135.0,33,24,42,23,13,0,0,0,0,0,0,0,0,0,130.0
2023-12-18T00:00:00,Thunder,34,34,26,22,0,0,0,0,0,0,0,0,0,0,Grizzlies,97.0,26,27,13,31,0,0,0,0,0,0,0,0,0,0,116.0
2023-12-17T00:00:00,Bucks,33,38,29,28,0,0,0,0,0,0,0,0,0,0,Rockets,119.0,28,32,31,28,0,0,0,0,0,0,0,0,0,0,128.0
2023-12-17T00:00:00,Warriors,27,38,24,29,0,0,0,0,0,0,0,0,0,0,Trail Blazers,114.0,23,26,35,30,0,0,0,0,0,0,0,0,0,0,118.0
2023-12-17T00:00:00,Suns,21,25,35,31,0,0,0,0,0,0,0,0,0,0,Wizards,108.0,29,29,31,19,0,0,0,0,0,0,0,0,0,0,112.0
2023-12-17T00:00:00,Magic,31,19,24,23,0,0,0,0,0,0,0,0,0,0,Celtics,114.0,27,34,22,31,0,0,0,0,0,0,0,0,0,0,97.0
2023-12-17T00:00:00,Pelicans,33,28,44,41,0,0,0,0,0,0,0,0,0,0,Spurs,110.0,20,31,27,32,0,0,0,0,0,0,0,0,0,0,146.0
2023-12-16T00:00:00,Timberwolves,23,34,38,32,0,0,0,0,0,0,0,0,0,0,Pacers,109.0,20,35,23,31,0,0,0,0,0,0,0,0,0,0,127.0
2023-12-16T00:00:00,Bucks,43,38,33,32,0,0,0,0,0,0,0,0,0,0,Pistons,114.0,20,36,27,31,0,0,0,0,0,0,0,0,0,0,146.0
2023-12-16T00:00:00,Kings,35,27,44,19,0,0,0,0,0,0,0,0,0,0,Jazz,104.0,23,27,26,28,0,0,0,0,0,0,0,0,0,0,125.0
2023-12-16T00:00:00,76ers,33,40,27,35,0,0,0,0,0,0,0,0,0,0,Hornets,82.0,17,27,15,23,0,0,0,0,0,0,0,0,0,0,135.0
2023-12-16T00:00:00,Trail Blazers,39,24,36,21,0,0,0,0,0,0,0,0,0,0,Mavericks,131.0,36,38,36,21,0,0,0,0,0,0,0,0,0,0,120.0
2023-12-16T00:00:00,Nuggets,31,25,31,30,0,0,0,0,0,0,0,0,0,0,Thunder,118.0,27,27,31,33,0,0,0,0,0,0,0,0,0,0,117.0
2023-12-16T00:00:00,Bulls,24,33,23,36,0,0,0,0,0,0,0,0,0,0,Heat,118.0,36,22,33,27,0,0,0,0,0,0,0,0,0,0,116.0
2023-12-16T00:00:00,Cavaliers,41,29,22,35,0,0,0,0,0,0,0,0,0,0,Hawks,119.0,28,24,29,38,0,0,0,0,0,0,0,0,0,0,127.0
2023-12-16T00:00:00,Nets,25,29,35,31,0,0,0,0,0,0,0,0,0,0,Warriors,124.0,32,38,25,29,0,0,0,0,0,0,0,0,0,0,120.0
2023-12-16T00:00:00,Knicks,33,33,32,24,0,0,0,0,0,0,0,0,0,0,Clippers,144.0,35,42,37,30,0,0,0,0,0,0,0,0,0,0,122.0
2023-12-15T00:00:00,Hawks,30,29,28,38,0,0,0,0,0,0,0,0,0,0,Raptors,104.0,24,25,29,26,0,0,0,0,0,0,0,0,0,0,125.0
2023-12-15T00:00:00,Wizards,30,39,39,29,0,0,0,0,0,0,0,0,0,0,Pacers,123.0,37,18,32,36,0,0,0,0,0,0,0,0,0,0,137.0
2023-12-15T00:00:00,Pistons,22,17,23,30,0,0,0,0,0,0,0,0,0,0,76ers,124.0,26,35,33,30,0,0,0,0,0,0,0,0,0,0,92.0
2023-12-15T00:00:00,Rockets,14,31,30,28,0,0,0,0,0,0,0,0,0,0,Grizzlies,96.0,29,26,19,22,0,0,0,0,0,0,0,0,0,0,103.0
2023-12-15T00:00:00,Knicks,31,32,34,42,0,0,0,0,0,0,0,0,0,0,Suns,122.0,30,38,31,23,0,0,0,0,0,0,0,0,0,0,139.0
2023-12-15T00:00:00,Celtics,30,34,37,27,0,0,0,0,0,0,0,0,0,0,Magic,111.0,24,27,27,33,0,0,0,0,0,0,0,0,0,0,128.0
2023-12-15T00:00:00,Lakers,22,40,25,28,0,0,0,0,0,0,0,0,0,0,Spurs,129.0,42,27,29,31,0,0,0,0,0,0,0,0,0,0,115.0
2023-12-15T00:00:00,Pelicans,21,29,26,36,0,0,0,0,0,0,0,0,0,0,Hornets,107.0,20,19,37,31,0,0,0,0,0,0,0,0,0,0,112.0
2023-12-14T00:00:00,Thunder,30,23,39,31,0,0,0,0,0,0,0,0,0,0,Kings,128.0,29,30,41,28,0,0,0,0,0,0,0,0,0,0,123.0
2023-12-14T00:00:00,Clippers,29,40,30,22,0,0,0,0,0,0,0,0,0,0,Warriors,113.0,28,28,37,20,0,0,0,0,0,0,0,0,0,0,121.0
2023-12-14T00:00:00,Timberwolves,26,33,28,32,0,0,0,0,0,0,0,0,0,0,Mavericks,101.0,30,30,22,19,0,0,0,0,0,0,0,0,0,0,119.0
2023-12-14T00:00:00,Cavaliers,24,30,33,20,0,0,0,0,0,0,0,0,0,0,Celtics,116.0,33,32,25,26,0,0,0,0,0,0,0,0,0,0,107.0
2023-12-14T00:00:00,Trail Blazers,30,24,22,38,0,0,0,0,0,0,0,0,0,0,Jazz,122.0,38,31,34,19,0,0,0,0,0,0,0,0,0,0,114.0
2023-12-14T00:00:00,Nets,22,17,28,34,0,0,0,0,0,0,0,0,0,0,Nuggets,124.0,29,23,38,34,0,0,0,0,0,0,0,0,0,0,101.0
2023-12-14T00:00:00,Heat,22,34,32,28,0,0,0,0,0,0,0,0,0,0,Bulls,124.0,36,24,33,31,0,0,0,0,0,0,0,0,0,0,116.0
2023-12-13T00:00:00,Raptors,31,33,39,32,0,0,0,0,0,0,0,0,0,0,Hawks,128.0,39,27,29,33,0,0,0,0,0,0,0,0,0,0,135.0
2023-12-13T00:00:00,Bucks,36,34,31,39,0,0,0,0,0,0,0,0,0,0,Pacers,126.0,33,30,31,32,0,0,0,0,0,0,0,0,0,0,140.0
2023-12-13T00:00:00,Jazz,22,30,37,28,0,0,0,0,0,0,0,0,0,0,Knicks,113.0,31,19,34,29,0,0,0,0,0,0,0,0,0,0,117.0
2023-12-13T00:00:00,Pelicans,28,47,35,32,0,0,0,0,0,0,0,0,0,0,Wizards,122.0,30,34,29,29,0,0,0,0,0,0,0,0,0,0,142.0
2023-12-13T00:00:00,Rockets,29,28,25,35,0,0,0,0,0,0,0,0,0,0,Grizzlies,104.0,23,20,38,23,0,0,0,0,0,0,0,0,0,0,117.0
2023-12-13T00:00:00,76ers,39,31,34,25,0,0,0,0,0,0,0,0,0,0,Pistons,111.0,26,30,24,31,0,0,0,0,0,0,0,0,0,0,129.0
2023-12-13T00:00:00,Heat,22,34,35,24,0,0,0,0,0,0,0,0,0,0,Hornets,104.0,23,22,25,34,0,0,0,0,0,0,0,0,0,0,115.0
2023-12-13T00:00:00,Lakers,34,29,29,30,0,0,0,0,0,0,0,0,0,0,Spurs,119.0,26,24,24,45,0,0,0,0,0,0,0,0,0,0,122.0
2023-12-13T00:00:00,Suns,22,34,32,24,0,0,0,0,0,0,0,0,0,0,Nets,116.0,31,33,22,30,0,0,0,0,0,0,0,0,0,0,112.0
2023-12-12T00:00:00,Mavericks,34,37,22,34,0,0,0,0,0,0,0,0,0,0,Lakers,125.0,26,35,34,30,0,0,0,0,0,0,0,0,0,0,127.0
2023-12-12T00:00:00,Celtics,21,38,35,26,0,0,0,0,0,0,0,0,0,0,Cavaliers,113.0,31,29,32,21,0,0,0,0,0,0,0,0,0,0,120.0
2023-12-12T00:00:00,Suns,25,28,35,31,0,0,0,0,0,0,0,0,0,0,Warriors,116.0,25,31,31,29,0,0,0,0,0,0,0,0,0,0,119.0
2023-12-12T00:00:00,Bulls,25,25,30,26,0,0,0,0,0,0,0,0,0,0,Nuggets,114.0,32,25,35,22,0,0,0,0,0,0,0,0,0,0,106.0
2023-12-12T00:00:00,Clippers,32,38,29,20,0,0,0,0,0,0,0,0,0,0,Kings,99.0,24,24,22,29,0,0,0,0,0,0,0,0,0,0,119.0
2023-12-11T00:00:00,Spurs,21,26,15,20,0,0,0,0,0,0,0,0,0,0,Rockets,93.0,19,32,18,24,0,0,0,0,0,0,0,0,0,0,82.0
2023-12-11T00:00:00,Clippers,43,23,39,27,0,0,0,0,0,0,0,0,0,0,Trail Blazers,127.0,32,33,34,28,0,0,0,0,0,0,0,0,0,0,132.0
2023-12-11T00:00:00,Bucks,37,37,17,27,15,0,0,0,0,0,0,0,0,0,Bulls,129.0,32,33,24,29,11,0,0,0,0,0,0,0,0,0,133.0
2023-12-11T00:00:00,Hornets,24,26,27,37,0,0,0,0,0,0,0,0,0,0,Heat,116.0,29,30,30,27,0,0,0,0,0,0,0,0,0,0,114.0
2023-12-11T00:00:00,Nets,18,30,37,33,0,0,0,0,0,0,0,0,0,0,Kings,131.0,26,28,44,33,0,0,0,0,0,0,0,0,0,0,118.0
2023-12-11T00:00:00,Knicks,35,31,32,38,0,0,0,0,0,0,0,0,0,0,Raptors,130.0,35,25,37,33,0,0,0,0,0,0,0,0,0,0,136.0
2023-12-11T00:00:00,Timberwolves,29,23,34,21,0,0,0,0,0,0,0,0,0,0,Pelicans,121.0,29,30,31,31,0,0,0,0,0,0,0,0,0,0,107.0
2023-12-11T00:00:00,Nuggets,28,37,38,26,0,0,0,0,0,0,0,0,0,0,Hawks,122.0,36,26,24,36,0,0,0,0,0,0,0,0,0,0,129.0
2023-12-11T00:00:00,Pistons,36,25,32,30,0,0,0,0,0,0,0,0,0,0,Pacers,131.0,33,33,32,33,0,0,0,0,0,0,0,0,0,0,123.0
2023-12-11T00:00:00,Wizards,27,19,21,34,0,0,0,0,0,0,0,0,0,0,76ers,146.0,43,32,37,34,0,0,0,0,0,0,0,0,0,0,101.0
2023-12-11T00:00:00,Grizzlies,24,27,28,34,0,0,0,0,0,0,0,0,0,0,Mavericks,120.0,29,38,29,24,0,0,0,0,0,0,0,0,0,0,113.0
2023-12-11T00:00:00,Magic,22,29,30,23,0,0,0,0,0,0,0,0,0,0,Cavaliers,94.0,29,25,15,25,0,0,0,0,0,0,0,0,0,0,104.0
2023-12-11T00:00:00,Jazz,20,32,23,45,0,0,0,0,0,0,0,0,0,0,Thunder,134.0,34,32,45,23,0,0,0,0,0,0,0,0,0,0,120.0
2023-12-08T00:00:00,Trail Blazers,22,38,30,22,0,0,0,0,0,0,0,0,0,0,Mavericks,125.0,37,34,26,28,0,0,0,0,0,0,0,0,0,0,112.0
2023-12-08T00:00:00,Bulls,24,28,35,34,0,0,0,0,0,0,0,0,0,0,Spurs,112.0,33,30,20,29,0,0,0,0,0,0,0,0,0,0,121.0
2023-12-08T00:00:00,Suns,26,33,12,35,0,0,0,0,0,0,0,0,0,0,Kings,114.0,24,26,33,31,0,0,0,0,0,0,0,0,0,0,106.0
2023-12-08T00:00:00,Hornets,35,31,24,29,0,0,0,0,0,0,0,0,0,0,Raptors,116.0,22,32,23,39,0,0,0,0,0,0,0,0,0,0,119.0
2023-12-08T00:00:00,Thunder,19,37,33,29,20,0,0,0,0,0,0,0,0,0,Warriors,136.0,28,34,22,34,18,0,0,0,0,0,0,0,0,0,138.0
2023-12-08T00:00:00,Clippers,32,27,29,29,0,0,0,0,0,0,0,0,0,0,Jazz,103.0,26,20,29,28,0,0,0,0,0,0,0,0,0,0,117.0
2023-12-08T00:00:00,Grizzlies,31,24,24,24,0,0,0,0,0,0,0,0,0,0,Timberwolves,127.0,33,27,38,29,0,0,0,0,0,0,0,0,0,0,103.0
2023-12-08T00:00:00,Magic,28,30,35,30,0,0,0,0,0,0,0,0,0,0,Pistons,91.0,23,21,24,23,0,0,0,0,0,0,0,0,0,0,123.0
2023-12-08T00:00:00,Rockets,27,25,40,22,0,0,0,0,0,0,0,0,0,0,Nuggets,106.0,22,26,26,32,0,0,0,0,0,0,0,0,0,0,114.0
2023-12-08T00:00:00,Celtics,33,41,35,24,0,0,0,0,0,0,0,0,0,0,Knicks,123.0,32,33,30,28,0,0,0,0,0,0,0,0,0,0,133.0
2023-12-08T00:00:00,Nets,26,24,40,34,0,0,0,0,0,0,0,0,0,0,Wizards,97.0,18,29,24,26,0,0,0,0,0,0,0,0,0,0,124.0
2023-12-08T00:00:00,Hawks,23,45,24,22,0,0,0,0,0,0,0,0,0,0,76ers,125.0,35,27,31,32,0,0,0,0,0,0,0,0,0,0,114.0
2023-12-08T00:00:00,Cavaliers,17,36,35,23,0,0,0,0,0,0,0,0,0,0,Heat,99.0,25,27,23,24,0,0,0,0,0,0,0,0,0,0,111.0
2023-12-07T00:00:00,Pelicans,30,24,17,18,0,0,0,0,0,0,0,0,0,0,Lakers,133.0,29,38,43,23,0,0,0,0,0,0,0,0,0,0,89.0
2023-12-07T00:00:00,Bucks,29,22,43,25,0,0,0,0,0,0,0,0,0,0,Pacers,128.0,27,36,28,37,0,0,0,0,0,0,0,0,0,0,119.0
2023-12-06T00:00:00,Cavaliers,37,28,34,22,0,0,0,0,0,0,0,0,0,0,Magic,111.0,20,32,34,25,0,0,0,0,0,0,0,0,0,0,121.0
2023-12-06T00:00:00,Pistons,29,27,28,18,0,0,0,0,0,0,0,0,0,0,Grizzlies,116.0,31,21,30,34,0,0,0,0,0,0,0,0,0,0,102.0
2023-12-06T00:00:00,Warriors,22,26,34,28,0,0,0,0,0,0,0,0,0,0,Trail Blazers,106.0,26,29,31,20,0,0,0,0,0,0,0,0,0,0,110.0
2023-12-06T00:00:00,Nuggets,36,21,25,20,0,0,0,0,0,0,0,0,0,0,Clippers,111.0,21,40,18,32,0,0,0,0,0,0,0,0,0,0,102.0
2023-12-06T00:00:00,Rockets,32,23,25,30,0,0,0,0,0,0,0,0,0,0,Thunder,101.0,22,28,24,27,0,0,0,0,0,0,0,0,0,0,110.0
2023-12-06T00:00:00,Bulls,27,21,35,28,0,0,0,0,0,0,0,0,0,0,Hornets,100.0,24,20,20,36,0,0,0,0,0,0,0,0,0,0,111.0
2023-12-06T00:00:00,Hawks,33,23,26,31,0,0,0,0,0,0,0,0,0,0,Nets,114.0,31,22,28,33,0,0,0,0,0,0,0,0,0,0,113.0
2023-12-06T00:00:00,Jazz,29,22,23,23,0,0,0,0,0,0,0,0,0,0,Mavericks,147.0,40,34,35,38,0,0,0,0,0,0,0,0,0,0,97.0
2023-12-06T00:00:00,Spurs,22,31,18,23,0,0,0,0,0,0,0,0,0,0,Timberwolves,102.0,25,21,25,31,0,0,0,0,0,0,0,0,0,0,94.0
2023-12-06T00:00:00,Raptors,32,34,18,19,0,0,0,0,0,0,0,0,0,0,Heat,112.0,37,27,23,25,0,0,0,0,0,0,0,0,0,0,103.0
2023-12-06T00:00:00,Wizards,29,33,33,31,0,0,0,0,0,0,0,0,0,0,76ers,131.0,25,35,39,32,0,0,0,0,0,0,0,0,0,0,126.0
2023-12-05T00:00:00,Suns,23,24,35,21,0,0,0,0,0,0,0,0,0,0,Lakers,106.0,33,26,24,23,0,0,0,0,0,0,0,0,0,0,103.0
2023-12-05T00:00:00,Bucks,37,38,37,34,0,0,0,0,0,0,0,0,0,0,Knicks,122.0,35,37,24,26,0,0,0,0,0,0,0,0,0,0,146.0
2023-12-04T00:00:00,Pacers,22,26,37,37,0,0,0,0,0,0,0,0,0,0,Celtics,112.0,24,31,23,34,0,0,0,0,0,0,0,0,0,0,122.0
2023-12-04T00:00:00,Pelicans,35,34,31,27,0,0,0,0,0,0,0,0,0,0,Kings,117.0,36,25,30,26,0,0,0,0,0,0,0,0,0,0,127.0
2023-12-02T00:00:00,Warriors,33,34,25,20,0,0,0,0,0,0,0,0,0,0,Clippers,113.0,22,26,37,28,0,0,0,0,0,0,0,0,0,0,112.0
2023-12-02T00:00:00,Suns,27,23,34,32,0,0,0,0,0,0,0,0,0,0,Grizzlies,109.0,27,24,21,37,0,0,0,0,0,0,0,0,0,0,116.0
2023-12-02T00:00:00,Rockets,30,14,28,25,0,0,0,0,0,0,0,0,0,0,Lakers,107.0,25,35,26,21,0,0,0,0,0,0,0,0,0,0,97.0
2023-12-02T00:00:00,Hornets,23,36,28,30,0,0,0,0,0,0,0,0,0,0,Timberwolves,123.0,30,32,26,35,0,0,0,0,0,0,0,0,0,0,117.0
2023-12-02T00:00:00,Hawks,37,26,35,23,0,0,0,0,0,0,0,0,0,0,Bucks,132.0,42,25,32,33,0,0,0,0,0,0,0,0,0,0,121.0
2023-12-02T00:00:00,Kings,25,39,24,35,0,0,0,0,0,0,0,0,0,0,Nuggets,117.0,30,20,28,39,0,0,0,0,0,0,0,0,0,0,123.0
2023-12-02T00:00:00,Cavaliers,25,29,31,25,0,0,0,0,0,0,0,0,0,0,Pistons,101.0,30,18,34,19,0,0,0,0,0,0,0,0,0,0,110.0
2023-12-02T00:00:00,Pacers,25,40,41,38,0,0,0,0,0,0,0,0,0,0,Heat,129.0,31,34,33,31,0,0,0,0,0,0,0,0,0,0,144.0
2023-12-02T00:00:00,Mavericks,27,29,28,36,0,0,0,0,0,0,0,0,0,0,Thunder,126.0,33,39,35,19,0,0,0,0,0,0,0,0,0,0,120.0
2023-12-02T00:00:00,Nets,43,30,25,31,0,0,0,0,0,0,0,0,0,0,Magic,101.0,22,29,34,16,0,0,0,0,0,0,0,0,0,0,129.0
2023-12-02T00:00:00,Jazz,21,35,28,22,12,0,0,0,0,0,0,0,0,0,Trail Blazers,113.0,24,20,30,32,7,0,0,0,0,0,0,0,0,0,118.0
2023-12-02T00:00:00,Pelicans,29,32,21,36,0,0,0,0,0,0,0,0,0,0,Bulls,124.0,32,21,36,35,0,0,0,0,0,0,0,0,0,0,118.0
2023-12-01T00:00:00,Suns,30,33,28,20,0,0,0,0,0,0,0,0,0,0,Nuggets,119.0,41,29,24,25,0,0,0,0,0,0,0,0,0,0,111.0
2023-12-01T00:00:00,Spurs,31,30,20,25,0,0,0,0,0,0,0,0,0,0,Pelicans,121.0,32,31,26,32,0,0,0,0,0,0,0,0,0,0,106.0
2023-12-01T00:00:00,Knicks,34,23,33,29,0,0,0,0,0,0,0,0,0,0,Raptors,106.0,26,31,20,29,0,0,0,0,0,0,0,0,0,0,119.0
2023-12-01T00:00:00,Mavericks,20,24,28,22,0,0,0,0,0,0,0,0,0,0,Grizzlies,108.0,28,31,20,29,0,0,0,0,0,0,0,0,0,0,94.0
2023-12-01T00:00:00,Magic,31,27,34,38,0,0,0,0,0,0,0,0,0,0,Wizards,125.0,36,25,28,36,0,0,0,0,0,0,0,0,0,0,130.0
2023-12-01T00:00:00,Celtics,44,25,26,30,0,0,0,0,0,0,0,0,0,0,76ers,119.0,36,36,25,22,0,0,0,0,0,0,0,0,0,0,125.0
2023-11-30T00:00:00,Warriors,31,30,25,34,0,0,0,0,0,0,0,0,0,0,Clippers,114.0,24,26,27,37,0,0,0,0,0,0,0,0,0,0,120.0
2023-11-30T00:00:00,Lakers,37,23,28,22,0,0,0,0,0,0,0,0,0,0,Thunder,133.0,30,42,36,25,0,0,0,0,0,0,0,0,0,0,110.0
2023-11-30T00:00:00,Pacers,38,35,27,32,0,0,0,0,0,0,0,0,0,0,Heat,142.0,33,31,33,45,0,0,0,0,0,0,0,0,0,0,132.0
2023-11-30T00:00:00,Hawks,26,36,39,36,0,0,0,0,0,0,0,0,0,0,Spurs,135.0,35,31,39,30,0,0,0,0,0,0,0,0,0,0,137.0
2023-11-30T00:00:00,Hornets,31,42,29,27,0,0,0,0,0,0,0,0,0,0,Nets,128.0,37,34,35,22,0,0,0,0,0,0,0,0,0,0,129.0
2023-11-30T00:00:00,Bulls,26,23,31,26,14,0,0,0,0,0,0,0,0,0,Bucks,113.0,24,31,25,26,7,0,0,0,0,0,0,0,0,0,120.0
2023-11-30T00:00:00,Pistons,17,37,33,25,0,0,0,0,0,0,0,0,0,0,Knicks,118.0,31,23,31,33,0,0,0,0,0,0,0,0,0,0,112.0
2023-11-30T00:00:00,Trail Blazers,22,18,34,29,0,0,0,0,0,0,0,0,0,0,Cavaliers,95.0,25,21,29,20,0,0,0,0,0,0,0,0,0,0,103.0
2023-11-30T00:00:00,Timberwolves,20,29,35,17,0,0,0,0,0,0,0,0,0,0,Jazz,90.0,23,24,19,24,0,0,0,0,0,0,0,0,0,0,101.0
2023-11-29T00:00:00,76ers,24,24,33,33,0,0,0,0,0,0,0,0,0,0,Pelicans,124.0,39,29,34,22,0,0,0,0,0,0,0,0,0,0,114.0
2023-11-29T00:00:00,Kings,27,23,31,36,0,0,0,0,0,0,0,0,0,0,Clippers,131.0,35,37,30,29,0,0,0,0,0,0,0,0,0,0,117.0
2023-11-29T00:00:00,Suns,20,33,27,25,0,0,0,0,0,0,0,0,0,0,Raptors,112.0,27,33,26,26,0,0,0,0,0,0,0,0,0,0,105.0
2023-11-29T00:00:00,Rockets,26,33,38,27,0,0,0,0,0,0,0,0,0,0,Nuggets,134.0,41,35,32,26,0,0,0,0,0,0,0,0,0,0,124.0
2023-11-29T00:00:00,Lakers,38,27,36,32,0,0,0,0,0,0,0,0,0,0,Pistons,107.0,24,24,28,31,0,0,0,0,0,0,0,0,0,0,133.0
2023-11-29T00:00:00,Magic,31,35,36,37,0,0,0,0,0,0,0,0,0,0,Wizards,120.0,26,30,33,31,0,0,0,0,0,0,0,0,0,0,139.0
2023-11-29T00:00:00,Grizzlies,24,36,28,17,0,0,0,0,0,0,0,0,0,0,Jazz,91.0,25,17,25,24,0,0,0,0,0,0,0,0,0,0,105.0
2023-11-28T00:00:00,Knicks,29,24,27,35,0,0,0,0,0,0,0,0,0,0,Hornets,91.0,16,28,22,25,0,0,0,0,0,0,0,0,0,0,115.0
2023-11-28T00:00:00,Heat,22,40,35,27,0,0,0,0,0,0,0,0,0,0,Bucks,131.0,31,28,34,38,0,0,0,0,0,0,0,0,0,0,124.0
2023-11-28T00:00:00,Mavericks,29,25,30,37,0,0,0,0,0,0,0,0,0,0,Rockets,115.0,22,28,38,27,0,0,0,0,0,0,0,0,0,0,121.0
2023-11-28T00:00:00,Nets,22,30,24,39,0,0,0,0,0,0,0,0,0,0,Raptors,103.0,21,23,31,28,0,0,0,0,0,0,0,0,0,0,115.0
2023-11-28T00:00:00,Timberwolves,19,34,23,30,0,0,0,0,0,0,0,0,0,0,Thunder,103.0,29,32,17,25,0,0,0,0,0,0,0,0,0,0,106.0
2023-11-28T00:00:00,Celtics,31,38,28,27,0,0,0,0,0,0,0,0,0,0,Bulls,97.0,20,30,18,29,0,0,0,0,0,0,0,0,0,0,124.0
2023-11-28T00:00:00,Kings,29,26,40,29,0,0,0,0,0,0,0,0,0,0,Warriors,123.0,37,35,32,19,0,0,0,0,0,0,0,0,0,0,124.0
2023-11-28T00:00:00,Hawks,33,28,29,15,0,0,0,0,0,0,0,0,0,0,Cavaliers,128.0,29,35,38,26,0,0,0,0,0,0,0,0,0,0,105.0
2023-11-27T00:00:00,76ers,32,36,30,40,0,0,0,0,0,0,0,0,0,0,Lakers,94.0,19,34,27,14,0,0,0,0,0,0,0,0,0,0,138.0
2023-11-27T00:00:00,Clippers,28,28,32,16,0,0,0,0,0,0,0,0,0,0,Nuggets,113.0,25,33,19,36,0,0,0,0,0,0,0,0,0,0,104.0
2023-11-27T00:00:00,Pistons,27,27,29,24,0,0,0,0,0,0,0,0,0,0,Wizards,126.0,31,26,37,32,0,0,0,0,0,0,0,0,0,0,107.0
2023-11-27T00:00:00,Pacers,34,26,23,27,0,0,0,0,0,0,0,0,0,0,Trail Blazers,114.0,30,35,18,31,0,0,0,0,0,0,0,0,0,0,110.0
2023-11-27T00:00:00,Pelicans,24,31,33,24,0,0,0,0,0,0,0,0,0,0,Jazz,114.0,32,25,31,26,0,0,0,0,0,0,0,0,0,0,112.0
2023-11-26T00:00:00,Timberwolves,31,29,30,29,0,0,0,0,0,0,0,0,0,0,Grizzlies,97.0,26,17,23,31,0,0,0,0,0,0,0,0,0,0,119.0
2023-11-26T00:00:00,Nets,19,44,33,22,0,0,0,0,0,0,0,0,0,0,Bulls,109.0,36,19,28,26,0,0,0,0,0,0,0,0,0,0,118.0
2023-11-26T00:00:00,Suns,34,30,31,21,0,0,0,0,0,0,0,0,0,0,Knicks,113.0,22,34,36,21,0,0,0,0,0,0,0,0,0,0,116.0
2023-11-26T00:00:00,Hornets,33,24,29,31,0,0,0,0,0,0,0,0,0,0,Magic,130.0,25,36,31,38,0,0,0,0,0,0,0,0,0,0,117.0
2023-11-26T00:00:00,Cavaliers,25,17,32,31,0,0,0,0,0,0,0,0,0,0,Raptors,102.0,28,24,20,30,0,0,0,0,0,0,0,0,0,0,105.0
2023-11-26T00:00:00,Hawks,26,27,29,21,0,0,0,0,0,0,0,0,0,0,Celtics,113.0,33,36,21,23,0,0,0,0,0,0,0,0,0,0,103.0
2023-11-26T00:00:00,Trail Blazers,31,37,20,14,0,0,0,0,0,0,0,0,0,0,Bucks,108.0,26,26,23,33,0,0,0,0,0,0,0,0,0,0,102.0
2023-11-26T00:00:00,Nuggets,39,33,35,25,0,0,0,0,0,0,0,0,0,0,Spurs,120.0,35,25,24,36,0,0,0,0,0,0,0,0,0,0,132.0
2023-11-25T00:00:00,Nets,26,37,27,22,0,0,0,0,0,0,0,0,0,0,Heat,97.0,22,31,23,21,0,0,0,0,0,0,0,0,0,0,112.0
2023-11-25T00:00:00,Wizards,30,28,20,30,0,0,0,0,0,0,0,0,0,0,Hawks,136.0,34,36,37,29,0,0,0,0,0,0,0,0,0,0,108.0
2023-11-25T00:00:00,Lakers,35,35,23,28,0,0,0,0,0,0,0,0,0,0,Cavaliers,115.0,40,31,23,21,0,0,0,0,0,0,0,0,0,0,121.0
2023-11-25T00:00:00,Pelicans,29,24,24,23,0,0,0,0,0,0,0,0,0,0,Jazz,105.0,22,21,25,37,0,0,0,0,0,0,0,0,0,0,100.0
2023-11-25T00:00:00,76ers,29,36,28,34,0,0,0,0,0,0,0,0,0,0,Thunder,123.0,31,30,21,41,0,0,0,0,0,0,0,0,0,0,127.0
2023-11-25T00:00:00,Clippers,29,27,23,28,0,0,0,0,0,0,0,0,0,0,Mavericks,88.0,18,27,17,26,0,0,0,0,0,0,0,0,0,0,107.0
2023-11-24T00:00:00,Pelicans,36,20,29,31,0,0,0,0,0,0,0,0,0,0,Clippers,106.0,23,32,28,23,0,0,0,0,0,0,0,0,0,0,116.0
2023-11-24T00:00:00,Suns,29,33,19,29,0,0,0,0,0,0,0,0,0,0,Grizzlies,89.0,27,22,24,16,0,0,0,0,0,0,0,0,0,0,110.0
2023-11-24T00:00:00,Heat,28,22,37,11,0,0,0,0,0,0,0,0,0,0,Knicks,100.0,25,26,20,29,0,0,0,0,0,0,0,0,0,0,98.0
2023-11-24T00:00:00,Magic,19,29,29,36,0,0,0,0,0,0,0,0,0,0,Celtics,96.0,30,26,18,22,0,0,0,0,0,0,0,0,0,0,113.0
2023-11-24T00:00:00,Spurs,35,20,26,31,0,0,0,0,0,0,0,0,0,0,Warriors,118.0,32,27,27,32,0,0,0,0,0,0,0,0,0,0,112.0
2023-11-24T00:00:00,Raptors,36,26,31,28,0,0,0,0,0,0,0,0,0,0,Bulls,108.0,22,26,29,31,0,0,0,0,0,0,0,0,0,0,121.0
2023-11-24T00:00:00,Bucks,34,26,32,39,0,0,0,0,0,0,0,0,0,0,Wizards,128.0,35,26,28,39,0,0,0,0,0,0,0,0,0,0,131.0
2023-11-24T00:00:00,Nuggets,19,24,26,17,0,0,0,0,0,0,0,0,0,0,Rockets,105.0,29,31,24,21,0,0,0,0,0,0,0,0,0,0,86.0
2023-11-24T00:00:00,Pacers,33,28,36,39,0,0,0,0,0,0,0,0,0,0,Pistons,113.0,26,37,33,17,0,0,0,0,0,0,0,0,0,0,136.0
2023-11-24T00:00:00,Timberwolves,31,33,15,32,0,0,0,0,0,0,0,0,0,0,Kings,124.0,38,32,22,32,0,0,0,0,0,0,0,0,0,0,111.0
2023-11-22T00:00:00,Nuggets,28,34,26,31,0,0,0,0,0,0,0,0,0,0,Magic,124.0,28,28,26,42,0,0,0,0,0,0,0,0,0,0,119.0
2023-11-22T00:00:00,Spurs,14,34,22,32,0,0,0,0,0,0,0,0,0,0,Clippers,109.0,26,28,28,27,0,0,0,0,0,0,0,0,0,0,102.0
2023-11-22T00:00:00,Pacers,35,30,36,30,0,0,0,0,0,0,0,0,0,0,Raptors,132.0,27,41,32,32,0,0,0,0,0,0,0,0,0,0,131.0
2023-11-22T00:00:00,Rockets,21,24,29,37,0,0,0,0,0,0,0,0,0,0,Grizzlies,91.0,28,18,22,23,0,0,0,0,0,0,0,0,0,0,111.0
2023-11-22T00:00:00,Suns,26,37,28,32,0,0,0,0,0,0,0,0,0,0,Warriors,115.0,31,16,28,40,0,0,0,0,0,0,0,0,0,0,123.0
2023-11-22T00:00:00,Bulls,14,25,38,25,0,0,0,0,0,0,0,0,0,0,Thunder,116.0,26,24,34,32,0,0,0,0,0,0,0,0,0,0,102.0
2023-11-22T00:00:00,Timberwolves,37,20,34,21,0,0,0,0,0,0,0,0,0,0,76ers,99.0,20,29,30,20,0,0,0,0,0,0,0,0,0,0,112.0
2023-11-22T00:00:00,Hawks,45,32,23,31,16,0,0,0,0,0,0,0,0,0,Nets,145.0,33,34,28,36,14,0,0,0,0,0,0,0,0,0,147.0
2023-11-22T00:00:00,Celtics,29,38,27,25,0,0,0,0,0,0,0,0,0,0,Bucks,116.0,17,36,26,37,0,0,0,0,0,0,0,0,0,0,119.0
2023-11-22T00:00:00,Mavericks,29,33,29,13,0,0,0,0,0,0,0,0,0,0,Lakers,101.0,25,21,25,30,0,0,0,0,0,0,0,0,0,0,104.0
2023-11-22T00:00:00,Jazz,21,25,27,32,0,0,0,0,0,0,0,0,0,0,Trail Blazers,121.0,32,33,24,32,0,0,0,0,0,0,0,0,0,0,105.0
2023-11-22T00:00:00,Pelicans,32,32,29,24,0,0,0,0,0,0,0,0,0,0,Kings,112.0,30,20,29,33,0,0,0,0,0,0,0,0,0,0,117.0
2023-11-22T00:00:00,Wizards,24,32,35,23,0,0,0,0,0,0,0,0,0,0,Hornets,117.0,21,28,29,39,0,0,0,0,0,0,0,0,0,0,114.0
2023-11-22T00:00:00,Cavaliers,26,29,24,17,0,0,0,0,0,0,0,0,0,0,Heat,129.0,37,32,32,28,0,0,0,0,0,0,0,0,0,0,96.0
2023-11-21T00:00:00,Lakers,32,30,40,29,0,0,0,0,0,0,0,0,0,0,Jazz,99.0,17,24,34,24,0,0,0,0,0,0,0,0,0,0,131.0
2023-11-21T00:00:00,Suns,34,22,38,26,0,0,0,0,0,0,0,0,0,0,Trail Blazers,107.0,21,30,31,25,0,0,0,0,0,0,0,0,0,0,120.0
2023-11-21T00:00:00,Raptors,23,33,26,25,0,0,0,0,0,0,0,0,0,0,Magic,126.0,30,37,33,26,0,0,0,0,0,0,0,0,0,0,107.0
2023-11-21T00:00:00,Hawks,40,46,28,38,0,0,0,0,0,0,0,0,0,0,Pacers,157.0,34,39,46,38,0,0,0,0,0,0,0,0,0,0,152.0
2023-11-21T00:00:00,Cavaliers,27,38,23,22,12,0,0,0,0,0,0,0,0,0,76ers,119.0,24,29,26,31,9,0,0,0,0,0,0,0,0,0,122.0
2023-11-20T00:00:00,Knicks,28,28,19,25,0,0,0,0,0,0,0,0,0,0,Timberwolves,117.0,31,27,35,24,0,0,0,0,0,0,0,0,0,0,100.0
2023-11-20T00:00:00,Celtics,31,34,22,21,10,0,0,0,0,0,0,0,0,0,Hornets,121.0,25,29,27,27,13,0,0,0,0,0,0,0,0,0,118.0
2023-11-20T00:00:00,Kings,31,22,16,24,0,0,0,0,0,0,0,0,0,0,Pelicans,129.0,29,37,34,29,0,0,0,0,0,0,0,0,0,0,93.0
2023-11-20T00:00:00,Bulls,27,26,28,19,0,0,0,0,0,0,0,0,0,0,Heat,118.0,33,32,28,25,0,0,0,0,0,0,0,0,0,0,100.0
2023-11-20T00:00:00,Clippers,33,33,25,33,0,0,0,0,0,0,0,0,0,0,Spurs,99.0,27,28,22,22,0,0,0,0,0,0,0,0,0,0,124.0
2023-11-20T00:00:00,Wizards,27,38,37,27,0,0,0,0,0,0,0,0,0,0,Bucks,142.0,31,39,34,38,0,0,0,0,0,0,0,0,0,0,129.0
2023-11-20T00:00:00,Rockets,27,26,28,35,0,0,0,0,0,0,0,0,0,0,Warriors,121.0,29,34,29,29,0,0,0,0,0,0,0,0,0,0,116.0
2023-11-20T00:00:00,Nuggets,27,29,25,26,0,0,0,0,0,0,0,0,0,0,Pistons,103.0,23,32,24,24,0,0,0,0,0,0,0,0,0,0,107.0
2023-11-19T00:00:00,Kings,35,35,37,22,0,0,0,0,0,0,0,0,0,0,Mavericks,113.0,36,29,31,17,0,0,0,0,0,0,0,0,0,0,129.0
2023-11-19T00:00:00,Celtics,26,30,23,23,0,0,0,0,0,0,0,0,0,0,Grizzlies,100.0,27,26,23,24,0,0,0,0,0,0,0,0,0,0,102.0
2023-11-19T00:00:00,Raptors,32,37,35,38,0,0,0,0,0,0,0,0,0,0,Pistons,113.0,20,25,27,41,0,0,0,0,0,0,0,0,0,0,142.0
2023-11-19T00:00:00,Nets,22,27,22,28,0,0,0,0,0,0,0,0,0,0,76ers,121.0,23,38,33,27,0,0,0,0,0,0,0,0,0,0,99.0
2023-11-19T00:00:00,Rockets,28,27,20,29,0,0,0,0,0,0,0,0,0,0,Lakers,105.0,20,29,32,24,0,0,0,0,0,0,0,0,0,0,104.0
2023-11-19T00:00:00,Nuggets,27,31,17,34,0,0,0,0,0,0,0,0,0,0,Cavaliers,121.0,29,37,26,29,0,0,0,0,0,0,0,0,0,0,109.0
2023-11-19T00:00:00,Jazz,30,26,28,31,12,10,0,0,0,0,0,0,0,0,Suns,140.0,30,31,24,30,12,13,0,0,0,0,0,0,0,0,137.0
2023-11-19T00:00:00,Pacers,21,23,34,38,0,0,0,0,0,0,0,0,0,0,Magic,128.0,42,36,29,21,0,0,0,0,0,0,0,0,0,0,116.0
2023-11-19T00:00:00,Thunder,33,43,25,33,0,0,0,0,0,0,0,0,0,0,Trail Blazers,91.0,21,22,23,25,0,0,0,0,0,0,0,0,0,0,134.0
2023-11-18T00:00:00,Mavericks,34,24,40,27,0,0,0,0,0,0,0,0,0,0,Bucks,132.0,33,27,29,43,0,0,0,0,0,0,0,0,0,0,125.0
2023-11-18T00:00:00,Hornets,19,31,30,28,0,0,0,0,0,0,0,0,0,0,Knicks,122.0,30,31,28,33,0,0,0,0,0,0,0,0,0,0,108.0
2023-11-18T00:00:00,Thunder,33,18,34,32,13,0,0,0,0,0,0,0,0,0,Warriors,123.0,31,30,26,30,6,0,0,0,0,0,0,0,0,0,130.0
2023-11-18T00:00:00,Pelicans,35,29,31,25,0,0,0,0,0,0,0,0,0,0,Timberwolves,121.0,27,32,26,36,0,0,0,0,0,0,0,0,0,0,120.0
2023-11-18T00:00:00,Spurs,35,33,26,14,0,0,0,0,0,0,0,0,0,0,Grizzlies,120.0,26,25,36,33,0,0,0,0,0,0,0,0,0,0,108.0
2023-11-18T00:00:00,Bulls,14,26,28,34,0,0,0,0,0,0,0,0,0,0,Heat,97.0,26,24,26,21,0,0,0,0,0,0,0,0,0,0,102.0
2023-11-17T00:00:00,76ers,30,27,37,32,0,0,0,0,0,0,0,0,0,0,Hawks,116.0,24,32,31,29,0,0,0,0,0,0,0,0,0,0,126.0
2023-11-17T00:00:00,Cavaliers,35,24,21,28,0,0,0,0,0,0,0,0,0,0,Pistons,100.0,26,19,28,27,0,0,0,0,0,0,0,0,0,0,108.0
2023-11-17T00:00:00,Raptors,32,17,32,24,0,0,0,0,0,0,0,0,0,0,Celtics,108.0,26,39,19,24,0,0,0,0,0,0,0,0,0,0,105.0
2023-11-17T00:00:00,Bulls,16,17,32,32,0,0,0,0,0,0,0,0,0,0,Magic,103.0,23,25,29,26,0,0,0,0,0,0,0,0,0,0,97.0
2023-11-17T00:00:00,Rockets,23,27,27,23,0,0,0,0,0,0,0,0,0,0,Clippers,106.0,29,19,31,27,0,0,0,0,0,0,0,0,0,0,100.0
2023-11-17T00:00:00,Jazz,38,37,24,29,0,0,0,0,0,0,0,0,0,0,Suns,131.0,41,34,27,29,0,0,0,0,0,0,0,0,0,0,128.0
2023-11-17T00:00:00,Kings,29,33,33,34,0,0,0,0,0,0,0,0,0,0,Spurs,120.0,31,31,32,26,0,0,0,0,0,0,0,0,0,0,129.0
2023-11-17T00:00:00,Bucks,28,31,33,38,0,0,0,0,0,0,0,0,0,0,Hornets,99.0,37,20,24,18,0,0,0,0,0,0,0,0,0,0,130.0
2023-11-17T00:00:00,Pelicans,36,33,26,20,0,0,0,0,0,0,0,0,0,0,Nuggets,110.0,28,25,33,24,0,0,0,0,0,0,0,0,0,0,115.0
2023-11-17T00:00:00,Trail Blazers,23,27,25,20,0,0,0,0,0,0,0,0,0,0,Lakers,107.0,30,30,22,25,0,0,0,0,0,0,0,0,0,0,95.0
2023-11-17T00:00:00,Wizards,25,29,30,15,0,0,0,0,0,0,0,0,0,0,Knicks,120.0,35,30,24,31,0,0,0,0,0,0,0,0,0,0,99.0
2023-11-16T00:00:00,Nets,27,25,31,32,0,0,0,0,0,0,0,0,0,0,Heat,122.0,30,30,35,27,0,0,0,0,0,0,0,0,0,0,115.0
2023-11-16T00:00:00,Warriors,24,36,25,24,0,0,0,0,0,0,0,0,0,0,Thunder,128.0,39,28,27,34,0,0,0,0,0,0,0,0,0,0,109.0
2023-11-15T00:00:00,Bucks,36,34,30,28,0,0,0,0,0,0,0,0,0,0,Raptors,112.0,21,26,32,33,0,0,0,0,0,0,0,0,0,0,128.0
2023-11-15T00:00:00,Suns,35,41,34,23,0,0,0,0,0,0,0,0,0,0,Timberwolves,115.0,29,25,28,33,0,0,0,0,0,0,0,0,0,0,133.0
2023-11-15T00:00:00,Hawks,22,34,25,33,0,0,0,0,0,0,0,0,0,0,Knicks,116.0,33,24,30,29,0,0,0,0,0,0,0,0,0,0,114.0
2023-11-15T00:00:00,Trail Blazers,25,22,28,20,0,0,0,0,0,0,0,0,0,0,Cavaliers,109.0,30,25,28,26,0,0,0,0,0,0,0,0,0,0,95.0
2023-11-15T00:00:00,Mavericks,41,30,33,26,0,0,0,0,0,0,0,0,0,0,Wizards,117.0,26,25,32,34,0,0,0,0,0,0,0,0,0,0,130.0
2023-11-15T00:00:00,Bulls,21,12,31,30,0,0,0,0,0,0,0,0,0,0,Magic,96.0,21,29,23,23,0,0,0,0,0,0,0,0,0,0,94.0
2023-11-15T00:00:00,Celtics,37,20,26,34,0,0,0,0,0,0,0,0,0,0,76ers,107.0,22,36,17,32,0,0,0,0,0,0,0,0,0,0,117.0
2023-11-15T00:00:00,Kings,38,34,32,21,0,0,0,0,0,0,0,0,0,0,Lakers,110.0,25,34,21,30,0,0,0,0,0,0,0,0,0,0,125.0
2023-11-14T00:00:00,Magic,24,36,26,18,0,0,0,0,0,0,0,0,0,0,Nets,124.0,33,24,31,36,0,0,0,0,0,0,0,0,0,0,104.0
2023-11-14T00:00:00,Heat,24,33,30,24,0,0,0,0,0,0,0,0,0,0,Hornets,105.0,32,16,32,25,0,0,0,0,0,0,0,0,0,0,111.0
2023-11-14T00:00:00,Pelicans,33,37,44,17,0,0,0,0,0,0,0,0,0,0,Mavericks,110.0,26,28,31,25,0,0,0,0,0,0,0,0,0,0,131.0
2023-11-14T00:00:00,Timberwolves,22,32,22,28,0,0,0,0,0,0,0,0,0,0,Warriors,101.0,30,29,24,18,0,0,0,0,0,0,0,0,0,0,104.0
2023-11-14T00:00:00,Pistons,29,31,31,29,0,0,0,0,0,0,0,0,0,0,Hawks,126.0,38,26,33,29,0,0,0,0,0,0,0,0,0,0,120.0
2023-11-14T00:00:00,Thunder,28,30,33,32,0,0,0,0,0,0,0,0,0,0,Spurs,87.0,25,23,18,21,0,0,0,0,0,0,0,0,0,0,123.0
2023-11-14T00:00:00,Nuggets,28,32,24,27,0,0,0,0,0,0,0,0,0,0,Clippers,108.0,26,26,32,24,0,0,0,0,0,0,0,0,0,0,111.0
2023-11-14T00:00:00,Jazz,36,31,28,20,0,0,0,0,0,0,0,0,0,0,Trail Blazers,99.0,28,30,28,13,0,0,0,0,0,0,0,0,0,0,115.0
2023-11-14T00:00:00,Lakers,37,37,33,27,0,0,0,0,0,0,0,0,0,0,Grizzlies,107.0,26,25,35,21,0,0,0,0,0,0,0,0,0,0,134.0
2023-11-14T00:00:00,76ers,30,24,40,32,0,0,0,0,0,0,0,0,0,0,Pacers,132.0,36,27,32,37,0,0,0,0,0,0,0,0,0,0,126.0
2023-11-13T00:00:00,Bucks,35,24,24,35,0,0,0,0,0,0,0,0,0,0,Bulls,109.0,18,31,25,35,0,0,0,0,0,0,0,0,0,0,118.0
2023-11-13T00:00:00,Wizards,32,32,27,16,0,0,0,0,0,0,0,0,0,0,Raptors,111.0,25,20,36,30,0,0,0,0,0,0,0,0,0,0,107.0
2023-11-13T00:00:00,Cavaliers,25,35,29,31,0,0,0,0,0,0,0,0,0,0,Kings,132.0,33,35,42,22,0,0,0,0,0,0,0,0,0,0,120.0
2023-11-13T00:00:00,Celtics,25,27,32,30,0,0,0,0,0,0,0,0,0,0,Knicks,98.0,24,29,23,22,0,0,0,0,0,0,0,0,0,0,114.0
2023-11-12T00:00:00,Pelicans,27,27,31,39,0,0,0,0,0,0,0,0,0,0,Mavericks,136.0,34,33,42,27,0,0,0,0,0,0,0,0,0,0,124.0
2023-11-12T00:00:00,Suns,29,30,27,13,0,0,0,0,0,0,0,0,0,0,Thunder,111.0,29,25,26,31,0,0,0,0,0,0,0,0,0,0,99.0
2023-11-12T00:00:00,Spurs,29,24,31,29,0,0,0,0,0,0,0,0,0,0,Heat,118.0,15,35,32,36,0,0,0,0,0,0,0,0,0,0,113.0
2023-11-12T00:00:00,Pistons,31,19,31,27,0,0,0,0,0,0,0,0,0,0,Bulls,119.0,22,33,29,35,0,0,0,0,0,0,0,0,0,0,108.0
2023-11-12T00:00:00,Rockets,23,23,28,33,0,0,0,0,0,0,0,0,0,0,Nuggets,104.0,30,20,26,28,0,0,0,0,0,0,0,0,0,0,107.0
2023-11-12T00:00:00,Pacers,27,33,39,27,0,0,0,0,0,0,0,0,0,0,76ers,137.0,38,31,31,37,0,0,0,0,0,0,0,0,0,0,126.0
2023-11-12T00:00:00,Grizzlies,33,19,27,26,0,0,0,0,0,0,0,0,0,0,Clippers,101.0,20,25,23,33,0,0,0,0,0,0,0,0,0,0,105.0
2023-11-12T00:00:00,Warriors,31,20,22,37,0,0,0,0,0,0,0,0,0,0,Timberwolves,116.0,29,25,35,27,0,0,0,0,0,0,0,0,0,0,110.0
2023-11-12T00:00:00,Hornets,25,29,25,28,0,0,0,0,0,0,0,0,0,0,Knicks,129.0,32,32,35,30,0,0,0,0,0,0,0,0,0,0,107.0
2023-11-12T00:00:00,Nets,30,19,29,24,0,0,0,0,0,0,0,0,0,0,Wizards,94.0,15,26,31,22,0,0,0,0,0,0,0,0,0,0,102.0
2023-11-12T00:00:00,Lakers,31,25,35,25,0,0,0,0,0,0,0,0,0,0,Trail Blazers,110.0,28,29,23,30,0,0,0,0,0,0,0,0,0,0,116.0
2023-11-11T00:00:00,Raptors,26,20,25,23,0,0,0,0,0,0,0,0,0,0,Celtics,117.0,30,25,33,29,0,0,0,0,0,0,0,0,0,0,94.0
2023-11-11T00:00:00,Heat,41,22,30,24,0,0,0,0,0,0,0,0,0,0,Hawks,109.0,24,28,30,27,0,0,0,0,0,0,0,0,0,0,117.0
2023-11-11T00:00:00,Warriors,31,21,31,27,0,0,0,0,0,0,0,0,0,0,Cavaliers,118.0,30,38,16,34,0,0,0,0,0,0,0,0,0,0,110.0
2023-11-11T00:00:00,Bucks,25,24,23,25,0,0,0,0,0,0,0,0,0,0,Magic,112.0,29,36,23,24,0,0,0,0,0,0,0,0,0,0,97.0
2023-11-10T00:00:00,Nets,33,21,30,23,0,0,0,0,0,0,0,0,0,0,Celtics,121.0,38,28,27,28,0,0,0,0,0,0,0,0,0,0,107.0
2023-11-10T00:00:00,Mavericks,30,47,38,29,0,0,0,0,0,0,0,0,0,0,Clippers,126.0,33,18,38,37,0,0,0,0,0,0,0,0,0,0,144.0
2023-11-10T00:00:00,Timberwolves,22,34,34,27,0,0,0,0,0,0,0,0,0,0,Spurs,110.0,27,27,19,37,0,0,0,0,0,0,0,0,0,0,117.0
2023-11-10T00:00:00,76ers,21,27,35,31,0,0,0,0,0,0,0,0,0,0,Pistons,106.0,33,23,21,29,0,0,0,0,0,0,0,0,0,0,114.0
2023-11-10T00:00:00,Suns,34,29,33,23,0,0,0,0,0,0,0,0,0,0,Lakers,122.0,25,30,34,33,0,0,0,0,0,0,0,0,0,0,119.0
2023-11-10T00:00:00,Wizards,27,36,34,20,0,0,0,0,0,0,0,0,0,0,Hornets,124.0,22,35,31,36,0,0,0,0,0,0,0,0,0,0,117.0
2023-11-10T00:00:00,Grizzlies,32,31,32,26,0,0,0,0,0,0,0,0,0,0,Jazz,127.0,34,42,27,24,0,0,0,0,0,0,0,0,0,0,121.0
2023-11-10T00:00:00,Thunder,20,22,28,28,0,0,0,0,0,0,0,0,0,0,Kings,105.0,34,19,22,30,0,0,0,0,0,0,0,0,0,0,98.0
2023-11-10T00:00:00,Rockets,26,28,16,34,0,0,0,0,0,0,0,0,0,0,Pelicans,101.0,31,17,31,22,0,0,0,0,0,0,0,0,0,0,104.0
2023-11-09T00:00:00,Magic,34,35,29,21,0,0,0,0,0,0,0,0,0,0,Hawks,120.0,34,39,20,27,0,0,0,0,0,0,0,0,0,0,119.0
2023-11-09T00:00:00,Bucks,24,36,34,30,0,0,0,0,0,0,0,0,0,0,Pacers,126.0,38,28,27,33,0,0,0,0,0,0,0,0,0,0,124.0
2023-11-08T00:00:00,Knicks,33,32,34,27,0,0,0,0,0,0,0,0,0,0,Spurs,105.0,16,35,21,33,0,0,0,0,0,0,0,0,0,0,126.0
2023-11-08T00:00:00,Hornets,29,17,38,32,0,0,0,0,0,0,0,0,0,0,Wizards,132.0,24,41,38,29,0,0,0,0,0,0,0,0,0,0,116.0
2023-11-08T00:00:00,Mavericks,33,25,30,28,0,0,0,0,0,0,0,0,0,0,Raptors,127.0,27,35,37,28,0,0,0,0,0,0,0,0,0,0,116.0
2023-11-08T00:00:00,Clippers,21,28,22,22,0,0,0,0,0,0,0,0,0,0,Nets,100.0,13,33,27,27,0,0,0,0,0,0,0,0,0,0,93.0
2023-11-08T00:00:00,Suns,36,21,31,19,9,0,0,0,0,0,0,0,0,0,Bulls,115.0,28,29,27,23,8,0,0,0,0,0,0,0,0,0,116.0
2023-11-08T00:00:00,76ers,22,39,20,25,0,0,0,0,0,0,0,0,0,0,Celtics,103.0,27,27,17,32,0,0,0,0,0,0,0,0,0,0,106.0
2023-11-08T00:00:00,Cavaliers,29,28,30,33,0,0,0,0,0,0,0,0,0,0,Thunder,128.0,36,34,29,29,0,0,0,0,0,0,0,0,0,0,120.0
2023-11-08T00:00:00,Pelicans,24,20,24,33,0,0,0,0,0,0,0,0,0,0,Timberwolves,122.0,28,44,25,25,0,0,0,0,0,0,0,0,0,0,101.0
2023-11-08T00:00:00,Kings,34,22,29,26,10,0,0,0,0,0,0,0,0,0,Trail Blazers,118.0,29,31,24,27,7,0,0,0,0,0,0,0,0,0,121.0
2023-11-08T00:00:00,Bucks,24,38,28,30,0,0,0,0,0,0,0,0,0,0,Pistons,118.0,23,29,43,23,0,0,0,0,0,0,0,0,0,0,120.0
2023-11-08T00:00:00,Nuggets,26,27,23,32,0,0,0,0,0,0,0,0,0,0,Warriors,105.0,21,26,31,27,0,0,0,0,0,0,0,0,0,0,108.0
2023-11-08T00:00:00,Jazz,29,31,38,20,0,0,0,0,0,0,0,0,0,0,Pacers,134.0,29,38,34,33,0,0,0,0,0,0,0,0,0,0,118.0
2023-11-08T00:00:00,Rockets,32,34,33,29,0,0,0,0,0,0,0,0,0,0,Lakers,94.0,19,26,26,23,0,0,0,0,0,0,0,0,0,0,128.0
2023-11-08T00:00:00,Grizzlies,26,20,30,26,0,0,0,0,0,0,0,0,0,0,Heat,108.0,33,21,23,31,0,0,0,0,0,0,0,0,0,0,102.0
2023-11-06T00:00:00,Clippers,21,25,30,21,0,0,0,0,0,0,0,0,0,0,Knicks,111.0,19,23,34,35,0,0,0,0,0,0,0,0,0,0,97.0
2023-11-06T00:00:00,Jazz,32,20,26,35,0,0,0,0,0,0,0,0,0,0,Bulls,130.0,37,29,32,32,0,0,0,0,0,0,0,0,0,0,113.0
2023-11-06T00:00:00,76ers,33,42,45,26,0,0,0,0,0,0,0,0,0,0,Wizards,128.0,24,34,40,30,0,0,0,0,0,0,0,0,0,0,146.0
2023-11-06T00:00:00,Rockets,32,35,30,25,0,0,0,0,0,0,0,0,0,0,Kings,97.0,22,20,18,37,0,0,0,0,0,0,0,0,0,0,122.0
2023-11-06T00:00:00,Pistons,26,22,34,27,0,0,0,0,0,0,0,0,0,0,Warriors,120.0,31,25,27,37,0,0,0,0,0,0,0,0,0,0,109.0
2023-11-06T00:00:00,Nuggets,25,34,40,35,0,0,0,0,0,0,0,0,0,0,Pelicans,116.0,27,44,21,24,0,0,0,0,0,0,0,0,0,0,134.0
2023-11-06T00:00:00,Bucks,29,34,33,33,0,0,0,0,0,0,0,0,0,0,Nets,125.0,32,35,27,31,0,0,0,0,0,0,0,0,0,0,129.0
2023-11-06T00:00:00,Mavericks,27,26,33,31,0,0,0,0,0,0,0,0,0,0,Magic,102.0,33,33,17,19,0,0,0,0,0,0,0,0,0,0,117.0
2023-11-06T00:00:00,Spurs,28,33,26,24,0,0,0,0,0,0,0,0,0,0,Pacers,152.0,44,42,33,33,0,0,0,0,0,0,0,0,0,0,111.0
2023-11-06T00:00:00,Hawks,28,22,27,40,0,0,0,0,0,0,0,0,0,0,Thunder,126.0,29,29,38,30,0,0,0,0,0,0,0,0,0,0,117.0
2023-11-06T00:00:00,Heat,33,29,28,18,0,0,0,0,0,0,0,0,0,0,Lakers,107.0,33,26,20,28,0,0,0,0,0,0,0,0,0,0,108.0
2023-11-06T00:00:00,Celtics,26,29,19,27,8,0,0,0,0,0,0,0,0,0,Timberwolves,114.0,29,23,27,22,13,0,0,0,0,0,0,0,0,0,109.0
2023-11-05T00:00:00,Trail Blazers,32,23,31,14,0,0,0,0,0,0,0,0,0,0,Grizzlies,112.0,30,33,19,30,0,0,0,0,0,0,0,0,0,0,100.0
2023-11-05T00:00:00,Warriors,30,15,32,27,0,0,0,0,0,0,0,0,0,0,Cavaliers,115.0,29,28,29,29,0,0,0,0,0,0,0,0,0,0,104.0
2023-11-05T00:00:00,Hornets,31,31,22,34,0,0,0,0,0,0,0,0,0,0,Mavericks,124.0,26,24,33,41,0,0,0,0,0,0,0,0,0,0,118.0
2023-11-05T00:00:00,Suns,28,30,34,28,0,0,0,0,0,0,0,0,0,0,Pistons,106.0,27,22,31,26,0,0,0,0,0,0,0,0,0,0,120.0
2023-11-05T00:00:00,Spurs,26,28,32,24,6,0,0,0,0,0,0,0,0,0,Raptors,123.0,22,13,36,39,13,0,0,0,0,0,0,0,0,0,116.0
2023-11-04T00:00:00,Pelicans,35,25,23,22,0,0,0,0,0,0,0,0,0,0,Hawks,123.0,27,26,41,29,0,0,0,0,0,0,0,0,0,0,105.0
2023-11-04T00:00:00,Rockets,33,26,12,36,0,0,0,0,0,0,0,0,0,0,Kings,89.0,19,34,15,21,0,0,0,0,0,0,0,0,0,0,107.0
2023-11-04T00:00:00,Pacers,27,19,50,28,0,0,0,0,0,0,0,0,0,0,Hornets,125.0,27,27,38,33,0,0,0,0,0,0,0,0,0,0,124.0
2023-11-04T00:00:00,Suns,24,21,30,25,0,0,0,0,0,0,0,0,0,0,76ers,112.0,25,27,28,32,0,0,0,0,0,0,0,0,0,0,100.0
2023-11-04T00:00:00,Nuggets,23,28,35,37,0,0,0,0,0,0,0,0,0,0,Bulls,101.0,22,31,21,27,0,0,0,0,0,0,0,0,0,0,123.0
2023-11-04T00:00:00,Celtics,34,36,21,33,0,0,0,0,0,0,0,0,0,0,Nets,114.0,34,24,30,26,0,0,0,0,0,0,0,0,0,0,124.0
2023-11-04T00:00:00,Magic,39,28,34,19,0,0,0,0,0,0,0,0,0,0,Lakers,101.0,25,26,29,21,0,0,0,0,0,0,0,0,0,0,120.0
2023-11-04T00:00:00,Timberwolves,29,26,37,31,0,0,0,0,0,0,0,0,0,0,Jazz,95.0,27,23,27,18,0,0,0,0,0,0,0,0,0,0,123.0
2023-11-03T00:00:00,Knicks,25,21,30,29,0,0,0,0,0,0,0,0,0,0,Bucks,110.0,21,35,26,28,0,0,0,0,0,0,0,0,0,0,105.0
2023-11-03T00:00:00,Bulls,30,28,22,27,0,0,0,0,0,0,0,0,0,0,Nets,109.0,35,24,19,31,0,0,0,0,0,0,0,0,0,0,107.0
2023-11-03T00:00:00,Grizzlies,26,27,24,25,11,0,0,0,0,0,0,0,0,0,Trail Blazers,115.0,33,21,22,26,13,0,0,0,0,0,0,0,0,0,113.0
2023-11-03T00:00:00,Mavericks,24,31,32,27,0,0,0,0,0,0,0,0,0,0,Nuggets,125.0,40,30,32,23,0,0,0,0,0,0,0,0,0,0,114.0
2023-11-03T00:00:00,Thunder,33,34,39,33,0,0,0,0,0,0,0,0,0,0,Warriors,141.0,38,31,37,35,0,0,0,0,0,0,0,0,0,0,139.0
2023-11-03T00:00:00,Cavaliers,26,27,34,29,0,0,0,0,0,0,0,0,0,0,Pacers,121.0,36,34,18,33,0,0,0,0,0,0,0,0,0,0,116.0
2023-11-03T00:00:00,Heat,34,26,41,20,0,0,0,0,0,0,0,0,0,0,Wizards,114.0,34,20,27,33,0,0,0,0,0,0,0,0,0,0,121.0
2023-11-02T00:00:00,Jazz,34,24,28,27,0,0,0,0,0,0,0,0,0,0,Magic,115.0,30,36,24,25,0,0,0,0,0,0,0,0,0,0,113.0
2023-11-02T00:00:00,76ers,30,28,32,24,0,0,0,0,0,0,0,0,0,0,Raptors,99.0,26,23,28,22,0,0,0,0,0,0,0,0,0,0,114.0
2023-11-02T00:00:00,Pelicans,35,37,22,31,0,0,0,0,0,0,0,0,0,0,Pistons,116.0,29,20,34,33,0,0,0,0,0,0,0,0,0,0,125.0
2023-11-02T00:00:00,Suns,20,35,34,32,0,0,0,0,0,0,0,0,0,0,Spurs,132.0,39,36,28,29,0,0,0,0,0,0,0,0,0,0,121.0
2023-11-01T00:00:00,Knicks,22,28,13,26,0,0,0,0,0,0,0,0,0,0,Cavaliers,95.0,24,25,22,24,0,0,0,0,0,0,0,0,0,0,89.0
2023-11-01T00:00:00,Celtics,44,31,34,46,0,0,0,0,0,0,0,0,0,0,Pacers,104.0,27,27,17,33,0,0,0,0,0,0,0,0,0,0,155.0
2023-11-01T00:00:00,Pelicans,14,29,35,32,0,0,0,0,0,0,0,0,0,0,Thunder,106.0,33,18,26,29,0,0,0,0,0,0,0,0,0,0,110.0
2023-11-01T00:00:00,Nuggets,21,23,28,17,0,0,0,0,0,0,0,0,0,0,Timberwolves,110.0,28,35,26,21,0,0,0,0,0,0,0,0,0,0,89.0
2023-11-01T00:00:00,Hawks,25,34,40,31,0,0,0,0,0,0,0,0,0,0,Wizards,121.0,30,21,31,39,0,0,0,0,0,0,0,0,0,0,130.0
2023-11-01T00:00:00,Bucks,18,26,35,32,0,0,0,0,0,0,0,0,0,0,Raptors,130.0,31,35,29,35,0,0,0,0,0,0,0,0,0,0,111.0
2023-11-01T00:00:00,Rockets,39,22,25,42,0,0,0,0,0,0,0,0,0,0,Hornets,119.0,27,31,20,41,0,0,0,0,0,0,0,0,0,0,128.0
2023-11-01T00:00:00,Grizzlies,19,27,33,30,0,0,0,0,0,0,0,0,0,0,Jazz,133.0,42,37,25,29,0,0,0,0,0,0,0,0,0,0,109.0
2023-11-01T00:00:00,Mavericks,26,23,32,33,0,0,0,0,0,0,0,0,0,0,Bulls,105.0,23,27,33,22,0,0,0,0,0,0,0,0,0,0,114.0
2023-11-01T00:00:00,Heat,32,24,27,22,0,0,0,0,0,0,0,0,0,0,Nets,109.0,29,17,29,34,0,0,0,0,0,0,0,0,0,0,105.0
2023-11-01T00:00:00,Lakers,24,24,39,30,13,0,0,0,0,0,0,0,0,0,Clippers,125.0,37,24,24,32,8,0,0,0,0,0,0,0,0,0,130.0
2023-11-01T00:00:00,Warriors,28,28,18,28,0,0,0,0,0,0,0,0,0,0,Kings,101.0,31,24,24,22,0,0,0,0,0,0,0,0,0,0,102.0
2023-11-01T00:00:00,Pistons,32,27,25,17,0,0,0,0,0,0,0,0,0,0,Trail Blazers,110.0,26,21,36,27,0,0,0,0,0,0,0,0,0,0,101.0
2023-10-31T00:00:00,Spurs,18,27,37,33,0,0,0,0,0,0,0,0,0,0,Suns,114.0,27,36,32,19,0,0,0,0,0,0,0,0,0,0,115.0
2023-10-31T00:00:00,Magic,18,32,21,31,0,0,0,0,0,0,0,0,0,0,Clippers,118.0,13,34,41,30,0,0,0,0,0,0,0,0,0,0,102.0
2023-10-31T00:00:00,Cavaliers,24,28,16,23,0,0,0,0,0,0,0,0,0,0,Knicks,109.0,28,30,28,23,0,0,0,0,0,0,0,0,0,0,91.0
2023-10-30T00:00:00,Hawks,35,25,38,29,0,0,0,0,0,0,0,0,0,0,Timberwolves,113.0,42,37,19,15,0,0,0,0,0,0,0,0,0,0,127.0
2023-10-30T00:00:00,Pistons,21,26,32,33,0,0,0,0,0,0,0,0,0,0,Thunder,124.0,33,26,32,33,0,0,0,0,0,0,0,0,0,0,112.0
2023-10-30T00:00:00,Bucks,28,34,35,25,0,0,0,0,0,0,0,0,0,0,Heat,114.0,28,24,21,41,0,0,0,0,0,0,0,0,0,0,122.0
2023-10-30T00:00:00,Magic,24,34,22,23,0,0,0,0,0,0,0,0,0,0,Lakers,106.0,29,25,27,25,0,0,0,0,0,0,0,0,0,0,103.0
2023-10-30T00:00:00,Jazz,21,24,24,33,0,0,0,0,0,0,0,0,0,0,Nuggets,110.0,31,27,22,30,0,0,0,0,0,0,0,0,0,0,102.0
2023-10-30T00:00:00,Celtics,42,35,31,18,0,0,0,0,0,0,0,0,0,0,Wizards,107.0,19,32,24,32,0,0,0,0,0,0,0,0,0,0,126.0
2023-10-30T00:00:00,Bulls,27,26,25,34,0,0,0,0,0,0,0,0,0,0,Pacers,105.0,30,25,28,22,0,0,0,0,0,0,0,0,0,0,112.0
2023-10-30T00:00:00,Warriors,29,30,39,32,0,0,0,0,0,0,0,0,0,0,Pelicans,102.0,27,30,21,24,0,0,0,0,0,0,0,0,0,0,130.0
2023-10-30T00:00:00,Trail Blazers,21,26,33,19,0,0,0,0,0,0,0,0,0,0,Raptors,91.0,25,25,24,17,0,0,0,0,0,0,0,0,0,0,99.0
2023-10-30T00:00:00,Hornets,23,32,28,38,0,0,0,0,0,0,0,0,0,0,Nets,133.0,42,24,33,34,0,0,0,0,0,0,0,0,0,0,121.0
2023-10-30T00:00:00,Mavericks,30,37,30,28,0,0,0,0,0,0,0,0,0,0,Grizzlies,110.0,36,25,25,24,0,0,0,0,0,0,0,0,0,0,125.0
2023-10-29T00:00:00,Lakers,28,27,28,32,12,0,0,0,0,0,0,0,0,0,Kings,132.0,41,25,21,28,17,0,0,0,0,0,0,0,0,0,127.0
2023-10-29T00:00:00,Warriors,26,31,24,25,0,0,0,0,0,0,0,0,0,0,Rockets,95.0,24,23,28,20,0,0,0,0,0,0,0,0,0,0,106.0
2023-10-29T00:00:00,Clippers,23,33,37,30,0,0,0,0,0,0,0,0,0,0,Spurs,83.0,17,20,23,23,0,0,0,0,0,0,0,0,0,0,123.0
2023-10-29T00:00:00,76ers,36,30,33,27,0,0,0,0,0,0,0,0,0,0,Trail Blazers,98.0,28,32,21,17,0,0,0,0,0,0,0,0,0,0,126.0
2023-10-29T00:00:00,Nuggets,34,35,28,31,0,0,0,0,0,0,0,0,0,0,Thunder,95.0,23,28,24,20,0,0,0,0,0,0,0,0,0,0,128.0
2023-10-29T00:00:00,Bucks,25,22,33,30,0,0,0,0,0,0,0,0,0,0,Hawks,127.0,31,37,33,26,0,0,0,0,0,0,0,0,0,0,110.0
2023-10-28T00:00:00,Pistons,29,28,27,34,0,0,0,0,0,0,0,0,0,0,Bulls,102.0,26,18,33,25,0,0,0,0,0,0,0,0,0,0,118.0
2023-10-28T00:00:00,76ers,27,29,35,23,0,0,0,0,0,0,0,0,0,0,Raptors,107.0,36,23,20,28,0,0,0,0,0,0,0,0,0,0,114.0
2023-10-28T00:00:00,Jazz,27,23,28,26,0,0,0,0,0,0,0,0,0,0,Suns,126.0,37,29,40,20,0,0,0,0,0,0,0,0,0,0,104.0
2023-10-28T00:00:00,Grizzlies,22,24,34,26,0,0,0,0,0,0,0,0,0,0,Wizards,113.0,25,37,30,21,0,0,0,0,0,0,0,0,0,0,106.0
2023-10-28T00:00:00,Knicks,12,25,31,19,0,0,0,0,0,0,0,0,0,0,Pelicans,96.0,26,29,22,19,0,0,0,0,0,0,0,0,0,0,87.0
2023-10-28T00:00:00,Pacers,31,29,31,34,0,0,0,0,0,0,0,0,0,0,Cavaliers,113.0,37,12,38,26,0,0,0,0,0,0,0,0,0,0,125.0
2023-10-28T00:00:00,Timberwolves,26,29,25,26,0,0,0,0,0,0,0,0,0,0,Heat,90.0,31,22,20,17,0,0,0,0,0,0,0,0,0,0,106.0
2023-10-27T00:00:00,Jazz,33,30,26,31,0,0,0,0,0,0,0,0,0,0,Clippers,118.0,30,24,29,35,0,0,0,0,0,0,0,0,0,0,120.0
2023-10-27T00:00:00,Knicks,35,34,31,26,0,0,0,0,0,0,0,0,0,0,Hawks,120.0,31,30,31,28,0,0,0,0,0,0,0,0,0,0,126.0
2023-10-27T00:00:00,Pistons,32,22,29,28,0,0,0,0,0,0,0,0,0,0,Hornets,99.0,21,26,28,24,0,0,0,0,0,0,0,0,0,0,111.0
2023-10-27T00:00:00,Trail Blazers,26,29,25,17,0,0,0,0,0,0,0,0,0,0,Magic,102.0,31,32,19,20,0,0,0,0,0,0,0,0,0,0,97.0
2023-10-27T00:00:00,Warriors,24,36,39,23,0,0,0,0,0,0,0,0,0,0,Kings,114.0,29,28,27,30,0,0,0,0,0,0,0,0,0,0,122.0
2023-10-27T00:00:00,Nets,25,34,30,31,0,0,0,0,0,0,0,0,0,0,Mavericks,125.0,26,31,31,37,0,0,0,0,0,0,0,0,0,0,120.0
2023-10-27T00:00:00,Raptors,18,17,33,25,10,0,0,0,0,0,0,0,0,0,Bulls,104.0,24,18,23,28,11,0,0,0,0,0,0,0,0,0,103.0
2023-10-27T00:00:00,Celtics,25,35,27,32,0,0,0,0,0,0,0,0,0,0,Heat,111.0,28,27,33,23,0,0,0,0,0,0,0,0,0,0,119.0
2023-10-27T00:00:00,Grizzlies,18,38,23,25,0,0,0,0,0,0,0,0,0,0,Nuggets,108.0,25,36,28,19,0,0,0,0,0,0,0,0,0,0,104.0
2023-10-27T00:00:00,Spurs,25,27,24,35,15,0,0,0,0,0,0,0,0,0,Rockets,122.0,23,29,31,28,11,0,0,0,0,0,0,0,0,0,126.0
2023-10-27T00:00:00,Cavaliers,26,16,33,30,0,0,0,0,0,0,0,0,0,0,Thunder,108.0,31,21,27,29,0,0,0,0,0,0,0,0,0,0,105.0
2023-10-26T00:00:00,Lakers,18,30,24,28,0,0,0,0,0,0,0,0,0,0,Suns,95.0,30,22,32,11,0,0,0,0,0,0,0,0,0,0,100.0
2023-10-26T00:00:00,76ers,23,31,31,32,0,0,0,0,0,0,0,0,0,0,Bucks,118.0,30,33,25,30,0,0,0,0,0,0,0,0,0,0,117.0
2023-10-25T00:00:00,Wizards,39,29,28,24,0,0,0,0,0,0,0,0,0,0,Pacers,143.0,34,39,37,33,0,0,0,0,0,0,0,0,0,0,120.0
2023-10-25T00:00:00,Trail Blazers,20,27,26,38,0,0,0,0,0,0,0,0,0,0,Clippers,123.0,29,38,32,24,0,0,0,0,0,0,0,0,0,0,111.0
2023-10-25T00:00:00,Bulls,35,20,27,22,0,0,0,0,0,0,0,0,0,0,Thunder,124.0,33,28,30,33,0,0,0,0,0,0,0,0,0,0,104.0
2023-10-25T00:00:00,Spurs,43,25,23,28,0,0,0,0,0,0,0,0,0,0,Mavericks,126.0,36,28,32,30,0,0,0,0,0,0,0,0,0,0,119.0
2023-10-25T00:00:00,Nets,32,31,24,26,0,0,0,0,0,0,0,0,0,0,Cavaliers,114.0,37,26,27,24,0,0,0,0,0,0,0,0,0,0,113.0
2023-10-25T00:00:00,Grizzlies,28,19,23,34,0,0,0,0,0,0,0,0,0,0,Pelicans,111.0,25,32,25,29,0,0,0,0,0,0,0,0,0,0,104.0
2023-10-25T00:00:00,Raptors,25,28,20,24,0,0,0,0,0,0,0,0,0,0,Timberwolves,94.0,25,26,23,20,0,0,0,0,0,0,0,0,0,0,97.0
2023-10-25T00:00:00,Celtics,30,21,31,26,0,0,0,0,0,0,0,0,0,0,Knicks,104.0,18,28,27,31,0,0,0,0,0,0,0,0,0,0,108.0
2023-10-25T00:00:00,Heat,26,32,25,20,0,0,0,0,0,0,0,0,0,0,Pistons,102.0,29,18,28,27,0,0,0,0,0,0,0,0,0,0,103.0
2023-10-25T00:00:00,Hornets,25,26,27,38,0,0,0,0,0,0,0,0,0,0,Hawks,110.0,29,23,21,37,0,0,0,0,0,0,0,0,0,0,116.0
2023-10-25T00:00:00,Rockets,20,23,26,17,0,0,0,0,0,0,0,0,0,0,Magic,116.0,29,25,33,29,0,0,0,0,0,0,0,0,0,0,86.0
2023-10-25T00:00:00,Kings,32,40,33,25,0,0,0,0,0,0,0,0,0,0,Jazz,114.0,24,34,29,27,0,0,0,0,0,0,0,0,0,0,130.0
2023-10-24T00:00:00,Suns,28,33,19,28,0,0,0,0,0,0,0,0,0,0,Warriors,104.0,28,18,40,18,0,0,0,0,0,0,0,0,0,0,108.0
2023-10-24T00:00:00,Nuggets,34,29,24,32,0,0,0,0,0,0,0,0,0,0,Lakers,107.0,20,34,26,27,0,0,0,0,0,0,0,0,0,0,119.0
